Assay Name	Source Name	COSMIC_ID	cell_line_name
5500994157493061613625_A01	J132_EPA01P1_CAL-120_Breast_906826	906826	CAL-120
5500994157493061613625_A02	J132_EPA02P1_DMS-114_Lung_687983	687983	DMS-114
5500994157493061613625_A03	J132_EPA03P1_CAL-51_Breast_910927	910927	CAL-51
5500994157493061613625_A04	J132_EPA04P1_H2869_Lung_1240138	1240138	H2869
5500994157493061613625_A05	J132_EPA05P1_H290_Lung_1240139	1240139	H290
5500994157493061613625_A06	J132_EPA06P1_A2058_Skin_906792	906792	A2058
5500994157493061613625_A07	J132_EPA07P1_CESS_Blood_910688	910688	CESS
5500994157493061613625_A08	J132_EPA08P1_H2803_Lung_1240135	1240135	H2803
5500994157493061613625_A09	J132_EPA09P1_H2722_Lung_1290812	1290812	H2722
5500994157493061613625_A10	J132_EPA10P1_HCC1419_Breast_907045	907045	HCC1419
5500994157493061613625_A11	J132_EPA11P1_ETK-1_Biliary_906861	906861	ETK-1
5500994157493061613625_A12	J132_EPA12P1_C32_Skin_906830	906830	C32
5500994157493061613625_B01	J132_EPB01P1_SW1783_CNS_909750	909750	SW1783
5500994157493061613625_B02	J132_EPB02P1_H2810_Lung_1240137	1240137	H2810
5500994157493061613625_B03	J132_EPB03P1_DSH1_Bladder_753552	753552	DSH1
5500994157493061613625_B04	J132_EPB04P1_HT-1197_Bladder_907065	907065	HT-1197
5500994157493061613625_B05	J132_EPB05P1_MDA-MB-157_Breast_925338	925338	MDA-MB-157
5500994157493061613625_B06	J132_EPB06P1_H2373_Lung_1290809	1290809	H2373
5500994157493061613625_B07	J132_EPB07P1_ES1_Bone_949158	949158	ES1
5500994157493061613625_B08	J132_EPB08P1_HDLM-2_Blood_924110	924110	HDLM-2
5500994157493061613625_B09	J132_EPB09P1_H2731_Lung_1240134	1240134	H2731
5500994157493061613625_B10	J132_EPB10P1_IST-MEL1_Skin_907172	907172	IST-MEL1
5500994157493061613625_B11	J132_EPB11P1_5637_Bladder_687452	687452	5637
5500994157493061613625_B12	J132_EPB12P1_786-o_Kidney_905947	905947	786-o
5500994157493061613625_C01	J132_EPC01P1_HeLa_Cervix_1298134	1298134	HeLa
5500994157493061613625_C02	J132_EPC02P1_HMV-II_Skin_907058	907058	HMV-II
5500994157493061613625_C03	J132_EPC03P1_H2818_Lung_1290814	1290814	H2818
5500994157493061613625_C04	J132_EPC04P1_M14_Skin_905975	905975	M14
5500994157493061613625_C05	J132_EPC05P1_HT-29_Intestin_905939	905939	HT-29
5500994157493061613625_C06	J132_EPC06P1_AU565_Breast_910704	910704	AU565
5500994157493061613625_C07	J132_EPC07P1_NCI-H441_Lung_908460	908460	NCI-H441
5500994157493061613625_C08	J132_EPC08P1_SW1088_CNS_909745	909745	SW1088
5500994157493061613625_C09	J132_EPC09P1_IST-MES1_Lung_907173	907173	IST-MES1
5500994157493061613625_C10	J132_EPC10P1_HCT-116_Intestin_905936	905936	HCT-116
5500994157493061613625_C11	J132_EPC11P1_GA-10_Blood_1303896	1303896	GA-10
5500994157493061613625_C12	J132_EPC12P1_KYSE-450_Esophag_907320	907320	KYSE-450
5500994157493061613625_D01	J132_EPD01P1_NCI-H2052_Lung_688058	688058	NCI-H2052
5500994157493061613625_D02	J132_EPD02P1_LOXIMVI_Skin_905974	905974	LOXIMVI
5500994157493061613625_D03	J132_EPD03P1_HOS_Bone_907060	907060	HOS
5500994157493061613625_D04	J132_EPD04P1_NCI-H28_Lung_908470	908470	NCI-H28
5500994157493061613625_D05	J132_EPD05P1_NCI-H358_Lung_908465	908465	NCI-H358
5500994157493061613625_D06	J132_EPD06P1_Becker_CNS_906746	906746	Becker
5500994157493061613625_D07	J132_EPD07P1_RS4-11_Blood_909703	909703	RS4-11
5500994157493061613625_D08	J132_EPD08P1_NCI-H727_Lung_724855	724855	NCI-H727
5500994157493061613625_D09	J132_EPD09P1_NCI-H1299_Lung_724831	724831	NCI-H1299
5500994157493061613625_D10	J132_EPD10P1_COLO-800_Skin_906813	906813	COLO-800
5500994157493061613625_D11	J132_EPD11P1_BT-474_Breast_946359	946359	BT-474
5500994157493061613625_D12	J132_EPD12P1_Saos-2_Bone_909707	909707	Saos-2
5500994157493061613625_E01	J132_EPE01P1_NCI-H838_Lung_910399	910399	NCI-H838
5500994157493061613625_E02	J132_EPE02P1_NCI-H2228_Lung_687816	687816	NCI-H2228
5500994157493061613625_E03	J132_EPE03P1_LS-411N_Intestin_907794	907794	LS-411N
5500994157493061613625_E04	J132_EPE04P1_RKO_Intestin_909698	909698	RKO
5500994157493061613625_E05	J132_EPE05P1_RPMI-7951_Skin_910903	910903	RPMI-7951
5500994157493061613625_E06	J132_EPE06P1_CAL-54_Kidney_910952	910952	CAL-54
5500994157493061613625_E07	J132_EPE07P1_WM-115_Skin_909784	909784	WM-115
5500994157493061613625_E08	J132_EPE08P1_NCI-H2009_Lung_724873	724873	NCI-H2009
5500994157493061613625_E09	J132_EPE09P1_ES3_Bone_684055	684055	ES3
5500994157493061613625_E10	J132_EPE10P1_COLO-741_Intestin_906815	906815	COLO-741
5500994157493061613625_E11	J132_EPE11P1_D-283MED_CNS_906834	906834	D-283MED
5500994157493061613625_F01	J132_EPF01P1_639-V_Bladder_906798	906798	639-V
5500994157493061613625_F02	J132_EPF02P1_OE19_Esophag_910079	910079	OE19
5500994157493061613625_F03	J132_EPF03P1_NCI-H2452_Lung_908462	908462	NCI-H2452
5500994157493061613625_F04	J132_EPF04P1_EFM-192A_Breast_1290798	1290798	EFM-192A
5500994157493061613625_F05	J132_EPF05P1_UACC-62_Skin_905976	905976	UACC-62
5500994157493061613625_F06	J132_EPF06P1_DU-4475_Breast_906844	906844	DU-4475
5500994157493061613625_F07	J132_EPF07P1_SISO_Cervix_1240212	1240212	SISO
5500994157493061613625_F08	J132_EPF08P1_JHH-1_Liver_1298151	1298151	JHH-1
5500994157493061613625_F09	J132_EPF09P1_COLO-680N_Esophag_906817	906817	COLO-680N
5500994157493061613625_F10	J132_EPF10P1_ESO51_Esophag_1503367	1503367	ESO51
5500994157493061613625_F11	J132_EPF11P1_CAL-33_H&N_753541	753541	CAL-33
5500994157493061613625_G01	J132_EPG01P1_CAL-29_Bladder_1290730	1290730	CAL-29
5500994157493061613625_G02	J132_EPG02P1_UACC-257_Skin_905977	905977	UACC-257
5500994157493061613625_G03	J132_EPG03P1_PA-1_Ovary_909255	909255	PA-1
5500994157493061613625_G04	J132_EPG04P1_H2591_Lung_1240131	1240131	H2591
5500994157493061613625_G05	J132_EPG05P1_H513_Lung_1240141	1240141	H513
5500994157493061613625_G06	J132_EPG06P1_H2461_Lung_1290810	1290810	H2461
5500994157493061613625_G07	J132_EPG07P1_KELLY_CNS_753618	753618	KELLY
5500994157493061613625_G08	J132_EPG08P1_NCI-H661_Lung_687829	687829	NCI-H661
5500994157493061613625_G09	J132_EPG09P1_ES8_Bone_949155	949155	ES8
5500994157493061613625_G10	J132_EPG10P1_H2795_Lung_1290813	1290813	H2795
5500994157493061613625_G11	J132_EPG11P1_SW1417_Intestin_909747	909747	SW1417
5500994157493061613625_H01	J132_EPH01P1_H2369_Lung_1290808	1290808	H2369
5500994157493061613625_H02	J132_EPH02P1_647-V_Bladder_906797	906797	647-V
5500994157493061613625_H03	J132_EPH03P1_TGBC24TKB_Biliary_910695	910695	TGBC24TKB
5500994157493061613625_H04	J132_EPH04P1_H2595_Lung_1240132	1240132	H2595
5500994157493061613625_H05	J132_EPH05P1_MPP-89_Lung_908150	908150	MPP-89
5500994157493061613625_H06	J132_EPH06P1_IGR-1_Skin_907169	907169	IGR-1
5500994157493061613625_H07	J132_EPH07P1_NCI-H2030_Lung_722045	722045	NCI-H2030
5500994157493061613625_H08	J132_EPH08P1_SK-MEL-1_Skin_909723	909723	SK-MEL-1
5500994157493061613625_H09	J132_EPH09P1_COLO-205_Intestin_905961	905961	COLO-205
5500994157493061613625_H10	J132_EPH10P1_BFTC-905_Bladder_910926	910926	BFTC-905
5500994157493061613625_H11	J132_EPH11P1_H2804_Lung_1240136	1240136	H2804
5500994158987071513201_A02	J132_EPA02P7_REH_Blood_909696	909696	REH
5500994158987071513201_A03	J132_EPA03P7_RH-41_Muscle_1240210	1240210	RH-41
5500994158987071513201_A04	J132_EPA04P7_RPMI-8866_Blood_910544	910544	RPMI-8866
5500994158987071513201_A05	J132_EPA05P7_PANC-08-13_Pancreas_925347	925347	PANC-08-13
5500994158987071513201_A06	J132_EPA06P7_PCI-6A_Head & Neck_1240206	1240206	PCI-6A
5500994158987071513201_A07	J132_EPA07P7_NCI-H1792_Lung:NSCLC_724868	724868	NCI-H1792
5500994158987071513201_A08	J132_EPA08P7_NCI-H1355_Lung_724866	724866	NCI-H1355
5500994158987071513201_A09	J132_EPA09P7_NCI-H1048_Lung_687995	687995	NCI-H1048
5500994158987071513201_A10	J132_EPA10P7_OAW-42_Ovary_910548	910548	OAW-42
5500994158987071513201_A11	J132_EPA11P7_OE33_Esophagus_910549	910549	OE33
5500994158987071513201_A12	J132_EPA12P7_OVCAR-8_Ovary_905991	905991	OVCAR-8
5500994158987071513201_B01	J132_EPB01P7_Ramos-2G6-4C10_Blood_910401	910401	Ramos-2G6-4C10
5500994158987071513201_B02	J132_EPB02P7_RCC-JW_Kidney_1524416	1524416	RCC-JW
5500994158987071513201_B03	J132_EPB03P7_RH-18_Muscle_971774	971774	RH-18
5500994158987071513201_B04	J132_EPB04P7_RT4_Bladder_687455	687455	RT4
5500994158987071513201_B05	J132_EPB05P7_PANC-10-05_Pancreas_925348	925348	PANC-10-05
5500994158987071513201_B06	J132_EPB06P7_PE-CA-PJ15_Head & Neck_1240207	1240207	PE-CA-PJ15
5500994158987071513201_B07	J132_EPB07P7_NCI-H1304_Lung_753599	753599	NCI-H1304
5500994158987071513201_B08	J132_EPB08P7_NCI-H1915_Lung_1240184	1240184	NCI-H1915
5500994158987071513201_B09	J132_EPB09P7_NCI-H1623_Lung:NSCLC_687798	687798	NCI-H1623
5500994158987071513201_B10	J132_EPB10P7_OCI-AML2_Blood_910947	910947	OCI-AML2
5500994158987071513201_B11	J132_EPB11P7_ONS-76_CNS_909248	909248	ONS-76
5500994158987071513201_B12	J132_EPB12P7_OVISE_Ovary_1240198	1240198	OVISE
5500994158987071513201_C02	J132_EPC02P7_RC-K8_Blood_1330995	1330995	RC-K8
5500994158987071513201_C03	J132_EPC03P7_RL_Blood_910861	910861	RL
5500994158987071513201_C04	J132_EPC04P7_RT-112_Bladder_909704	909704	RT-112
5500994158987071513201_C05	J132_EPC05P7_PA-TU-8988T_Pancreas_1240201	1240201	PA-TU-8988T
5500994158987071513201_C06	J132_EPC06P7_PF-382_Blood_909260	909260	PF-382
5500994158987071513201_C07	J132_EPC07P7_NCI-H1395_Lung_684681	684681	NCI-H1395
5500994158987071513201_C08	J132_EPC08P7_NCI-H1755_Lung:NSCLC_908475	908475	NCI-H1755
5500994158987071513201_C09	J132_EPC09P7_NCI-H1793_Lung:NSCLC_908463	908463	NCI-H1793
5500994158987071513201_C10	J132_EPC10P7_RXF393_Kidney_905978	905978	RXF393
5500994158987071513201_C11	J132_EPC11P7_OSC-19_Head & Neck_1298362	1298362	OSC-19
5500994158987071513201_C12	J132_EPC12P7_OVKATE_Ovary_1240199	1240199	OVKATE
5500994158987071513201_D01	J132_EPD01P7_RCC-AB_Kidney_1524418	1524418	RCC-AB
5500994158987071513201_D02	J132_EPD02P7_RERF-GC-1B_Stomach_1240209	1240209	RERF-GC-1B
5500994158987071513201_D03	J132_EPD03P7_RMG-I_Ovary_909699	909699	RMG-I
5500994158987071513201_D04	J132_EPD04P7_RVH-421_Skin_909706	909706	RVH-421
5500994158987071513201_D05	J132_EPD05P7_PC-14_Lung:NSCLC_753608	753608	PC-14
5500994158987071513201_D06	J132_EPD06P7_PFSK-1_Brain_683667	683667	PFSK-1
5500994158987071513201_D07	J132_EPD07P7_NCI-H1581_Lung:NSCLC_908471	908471	NCI-H1581
5500994158987071513201_D08	J132_EPD08P7_NCI-H1963_Lung_688010	688010	NCI-H1963
5500994158987071513201_D09	J132_EPD09P7_NCI-H146_Lung_910899	910899	NCI-H146
5500994158987071513201_D10	J132_EPD10P7_QGP-1_Pancreas_1298534	1298534	QGP-1
5500994158987071513201_D11	J132_EPD11P7_OPM-2_Blood_909249	909249	OPM-2
5500994158987071513201_D12	J132_EPD12P7_OVMIU_Ovary_1240200	1240200	OVMIU
5500994158987071513201_E01	J132_EPE01P7_RCM-1_Intestine_909263	909263	RCM-1
5500994158987071513201_E02	J132_EPE02P7_RERF-LC-MS_Lung:NSCLC_910931	910931	RERF-LC-MS
5500994158987071513201_E03	J132_EPE03P7_RPMI-2650_Head & Neck_909700	909700	RPMI-2650
5500994158987071513201_E04	J132_EPE04P7_QIMR-WIL_Blood_910545	910545	QIMR-WIL
5500994158987071513201_E05	J132_EPE05P7_PC-3_[JPC-3]_Lung_1240202	1240202	PC-3
5500994158987071513201_E06	J132_EPE06P7_PL18_Pancreas_1240208	1240208	PL18
5500994158987071513201_E07	J132_EPE07P7_NCI-H1092_Lung_687997	687997	NCI-H1092
5500994158987071513201_E08	J132_EPE08P7_NCI-H1573_Lung:NSCLC_908472	908472	NCI-H1573
5500994158987071513201_E09	J132_EPE09P7_NCI-H1651_Lung:NSCLC_910900	910900	NCI-H1651
5500994158987071513201_E10	J132_EPE10P7_RKN_Ovary_1298539	1298539	RKN
5500994158987071513201_E11	J132_EPE11P7_OSC-20_Head & Neck_1240196	1240196	OSC-20
5500994158987071513201_E12	J132_EPE12P7_PSN1_Pancreas_910546	910546	PSN1
5500994158987071513201_F02	J132_EPF02P7_RF-48_Stomach_909697	909697	RF-48
5500994158987071513201_F03	J132_EPF03P7_RO82-W-1_Thyroid_930083	930083	RO82-W-1
5500994158987071513201_F04	J132_EPF04P7_P12-ICHIKAWA_Blood_909251	909251	P12-ICHIKAWA
5500994158987071513201_F05	J132_EPF05P7_PCI-30_Head & Neck_1298529	1298529	PCI-30
5500994158987071513201_F06	J132_EPF06P7_P32-ISH_Blood_1330987	1330987	P32-ISH
5500994158987071513201_F07	J132_EPF07P7_NCI-H1648_Lung:NSCLC_687799	687799	NCI-H1648
5500994158987071513201_F08	J132_EPF08P7_NCI-H1734_Lung:NSCLC_722058	722058	NCI-H1734
5500994158987071513201_F09	J132_EPF09P7_NCI-H1563_Lung:NSCLC_753600	753600	NCI-H1563
5500994158987071513201_F10	J132_EPF10P7_RCC-MF_Kidney_1524419	1524419	RCC-MF
5500994158987071513201_F11	J132_EPF11P7_OV-90_Ovary_1240197	1240197	OV-90
5500994158987071513201_F12	J132_EPF12P7_PL-21_Blood_1330991	1330991	PL-21
5500994158987071513201_G02	J132_EPG02P7_RERF-LC-Sq1_Lung:NSCLC_1298538	1298538	RERF-LC-Sq1
5500994158987071513201_G03	J132_EPG03P7_RPMI-6666_Blood_909701	909701	RPMI-6666
5500994158987071513201_G04	J132_EPG04P7_P30-OHK_Blood_909252	909252	P30-OHK
5500994158987071513201_G05	J132_EPG05P7_PCI-15A_Head & Neck_1240204	1240204	PCI-15A
5500994158987071513201_G06	J132_EPG06P7_OAW-28_Ovary_946360	946360	OAW-28
5500994158987071513201_G07	J132_EPG07P7_NCI-H1688_Lung_1298349	1298349	NCI-H1688
5500994158987071513201_G08	J132_EPG08P7_NCI-H1568_Lung:NSCLC_1298348	1298348	NCI-H1568
5500994158987071513201_G10	J132_EPG10P7_OCUB-M_Breast_909256	909256	OCUB-M
5500994158987071513201_G11	J132_EPG11P7_OVCAR-5_Ovary_905969	905969	OVCAR-5
5500994158987071513201_G12	J132_EPG12P7_NCI-H1944_Lung_1240185	1240185	NCI-H1944
5500994158987071513201_H01	J132_EPH01P7_RD_Muscle_909264	909264	RD
5500994158987071513201_H02	J132_EPH02P7_RH-1_Muscle_971773	971773	RH-1
5500994158987071513201_H03	J132_EPH03P7_RPMI-8226_Blood_905964	905964	RPMI-8226
5500994158987071513201_H04	J132_EPH04P7_PANC-03-27_Pancreas_925346	925346	PANC-03-27
5500994158987071513201_H05	J132_EPH05P7_PCI-38_Head & Neck_1240205	1240205	PCI-38
5500994158987071513201_H06	J132_EPH06P7_OC-314_Ovary_909257	909257	OC-314
5500994158987071513201_H07	J132_EPH07P7_NCI-H1993_Lung:NSCLC_908476	908476	NCI-H1993
5500994158987071513201_H08	J132_EPH08P7_NCI-H1155_Lung:NSCLC_908467	908467	NCI-H1155
5500994158987071513201_H09	J132_EPH09P7_NCI-H1781_Lung:NSCLC_1298350	1298350	NCI-H1781
5500994158987071513201_H10	J132_EPH10P7_OE21_Esophagus_1298359	1298359	OE21
5500994158987071513201_H11	J132_EPH11P7_OS-RC-2_Kidney_909250	909250	OS-RC-2
5500994158987071513201_H12	J132_EPH12P7_NCI-H187_Lung_688007	688007	NCI-H187
5500994158987071513202_A01	J132_EPA01P4_KYSE-520_Esophagus_753575	753575	KYSE-520
5500994158987071513202_A02	J132_EPA02P4_KURAMOCHI_Ovary_909975	909975	KURAMOCHI
5500994158987071513202_A04	J132_EPA04P4_KINGS-1_CNS_907279	907279	KINGS-1
5500994158987071513202_A05	J132_EPA05P4_LCLC-97TM1_Lung:NSCLC_946361	946361	LCLC-97TM1
5500994158987071513202_A06	J132_EPA06P4_LU-99A_Lung:NSCLC_907796	907796	LU-99A
5500994158987071513202_A07	J132_EPA07P4_LU-134-A_Lung_753588	753588	LU-134-A
5500994158987071513202_A08	J132_EPA08P4_LOU-NH91_Lung:NSCLC_1298226	1298226	LOU-NH91
5500994158987071513202_A09	J132_EPA09P4_GAMG_Brain_906868	906868	GAMG
5500994158987071513202_A10	J132_EPA10P4_GMS-10_Brain_906873	906873	GMS-10
5500994158987071513202_A11	J132_EPA11P4_MFE-319_Uterus_1240174	1240174	MFE-319
5500994158987071513202_A12	J132_EPA12P4_MONO-MAC-1_Blood_1330955	1330955	MONO-MAC-1
5500994158987071513202_B01	J132_EPB01P4_KLE_Uterus_924187	924187	KLE
5500994158987071513202_B02	J132_EPB02P4_KY821_Blood_907300	907300	KY821
5500994158987071513202_B03	J132_EPB03P4_KATOIII_Stomach_907276	907276	KATOIII
5500994158987071513202_B04	J132_EPB04P4_KE-37_Blood_907277	907277	KE-37
5500994158987071513202_B05	J132_EPB05P4_LCLC-103H_Lung:NSCLC_753586	753586	LCLC-103H
5500994158987071513202_B06	J132_EPB06P4_L-1236_Blood_1330935	1330935	L-1236
5500994158987071513202_B07	J132_EPB07P4_LN-405_Brain_910694	910694	LN-405
5500994158987071513202_B08	J132_EPB08P4_L-540_Blood_907323	907323	L-540
5500994158987071513202_B09	J132_EPB09P4_GAK_Skin_910932	910932	GAK
5500994158987071513202_B10	J132_EPB10P4_GP5d_Intestine_907291	907291	GP5d
5500994158987071513202_B11	J132_EPB11P4_MFM-223_Breast_910948	910948	MFM-223
5500994158987071513202_B12	J132_EPB12P4_MES-SA_Uterus_908127	908127	MES-SA
5500994158987071513202_C01	J132_EPC01P4_KYSE-270_Esophagus_907319	907319	KYSE-270
5500994158987071513202_C02	J132_EPC02P4_KYSE-410_Esophagus_753574	753574	KYSE-410
5500994158987071513202_C03	J132_EPC03P4_KARPAS-231_Blood_1327774	1327774	KARPAS-231
5500994158987071513202_C04	J132_EPC04P4_KP-3_Pancreas_1298219	1298219	KP-3
5500994158987071513202_C05	J132_EPC05P4_LC-2-ad_Lung_907786	907786	LC-2-ad
5500994158987071513202_C06	J132_EPC06P4_L-363_Blood_924239	924239	L-363
5500994158987071513202_C07	J132_EPC07P4_LN-229_Brain_1240169	1240169	LN-229
5500994158987071513202_C08	J132_EPC08P4_FADU_Head & Neck_906863	906863	FADU
5500994158987071513202_C09	J132_EPC09P4_G-401_Kidney_907299	907299	G-401
5500994158987071513202_C10	J132_EPC10P4_GI-1_CNS_906871	906871	GI-1
5500994158987071513202_C11	J132_EPC11P4_MFH-ino_Misc_925343	925343	MFH-ino
5500994158987071513202_C12	J132_EPC12P4_MEG-01_Blood_908126	908126	MEG-01
5500994158987071513202_D01	J132_EPD01P4_KYSE-510_Esophagus_907321	907321	KYSE-510
5500994158987071513202_D02	J132_EPD02P4_KU812_Blood_907311	907311	KU812
5500994158987071513202_D03	J132_EPD03P4_K052_Blood_907284	907284	K052
5500994158987071513202_D04	J132_EPD04P4_KCL-22_Blood_1330931	1330931	KCL-22
5500994158987071513202_D05	J132_EPD05P4_LAN-6_PNS_949170	949170	LAN-6
5500994158987071513202_D06	J132_EPD06P4_LXF-289_Lung_753592	753592	LXF-289
5500994158987071513202_D07	J132_EPD07P4_LN-18_Brain_1240168	1240168	LN-18
5500994158987071513202_D08	J132_EPD08P4_FU97_Stomach_1290806	1290806	FU97
5500994158987071513202_D09	J132_EPD09P4_GCT_Miscellaneous_906999	906999	GCT
5500994158987071513202_D10	J132_EPD10P4_GI-ME-N_PNS_906872	906872	GI-ME-N
5500994158987071513202_D11	J132_EPD11P4_MFE-280_Uterus_908129	908129	MFE-280
5500994158987071513202_D12	J132_EPD12P4_MEC-2_Blood_1330944	1330944	MEC-2
5500994158987071513202_E02	J132_EPE02P4_KS-1_CNS_907313	907313	KS-1
5500994158987071513202_E03	J132_EPE03P4_KMRC-1_Kidney_1298168	1298168	KMRC-1
5500994158987071513202_E04	J132_EPE04P4_KOSC-2_Head & Neck_753570	753570	KOSC-2
5500994158987071513202_E05	J132_EPE05P4_LU-135_Lung_713899	713899	LU-135
5500994158987071513202_E06	J132_EPE06P4_LS-513_Intestine_907795	907795	LS-513
5500994158987071513202_E07	J132_EPE07P4_LNZTA3WT4_Brain_1240170	1240170	LNZTA3WT4
5500994158987071513202_E09	J132_EPE09P4_G-361_Skin_906865	906865	G-361
5500994158987071513202_E10	J132_EPE10P4_GR-ST_Blood_906877	906877	GR-ST
5500994158987071513202_E11	J132_EPE11P4_MOLT-16_Blood_908147	908147	MOLT-16
5500994158987071513202_E12	J132_EPE12P4_Mewo_Skin_908128	908128	Mewo
5500994158987071513202_F01	J132_EPF01P4_KYSE-70_Esophagus_753576	753576	KYSE-70
5500994158987071513202_F02	J132_EPF02P4_KOPN-8_Blood_1330933	1330933	KOPN-8
5500994158987071513202_F03	J132_EPF03P4_KMRC-20_Kidney_1298169	1298169	KMRC-20
5500994158987071513202_F04	J132_EPF04P4_LB2241-RCC_Kidney_753578	753578	LB2241-RCC
5500994158987071513202_F05	J132_EPF05P4_LU-65_Lung:NSCLC_724863	724863	LU-65
5500994158987071513202_F06	J132_EPF06P4_LS-180_Intestine_998189	998189	LS-180
5500994158987071513202_F07	J132_EPF07P4_LAMA-84_Blood_907783	907783	LAMA-84
5500994158987071513202_F08	J132_EPF08P4_FU-OV-1_Ovary_1240129	1240129	FU-OV-1
5500994158987071513202_F09	J132_EPF09P4_G-MEL_Skin_1240130	1240130	G-MEL
5500994158987071513202_F10	J132_EPF10P4_G-292-Clone-A141B1_Bone_1290807	1290807	G-292-Clone-A141B1
5500994158987071513202_F11	J132_EPF11P4_MOLT-13_Blood_908146	908146	MOLT-13
5500994158987071513202_F12	J132_EPF12P4_ME-180_Cervix_687514	687514	ME-180
5500994158987071513202_G01	J132_EPG01P4_KYSE-140_Esophagus_753573	753573	KYSE-140
5500994158987071513202_G02	J132_EPG02P4_KALS-1_CNS_907271	907271	KALS-1
5500994158987071513202_G03	J132_EPG03P4_KNS-81-FD_CNS_924188	924188	KNS-81-FD
5500994158987071513202_G04	J132_EPG04P4_LB647-SCLC_Lung_753582	753582	LB647-SCLC
5500994158987071513202_G05	J132_EPG05P4_LU-139_Lung_713878	713878	LU-139
5500994158987071513202_G06	J132_EPG06P4_LS-123_Intestine_907792	907792	LS-123
5500994158987071513202_G08	J132_EPG08P4_GCIY_Stomach_906869	906869	GCIY
5500994158987071513202_G09	J132_EPG09P4_GOTO_Kidney_906875	906875	GOTO
5500994158987071513202_G10	J132_EPG10P4_G-402_Kidney_907298	907298	G-402
5500994158987071513202_G11	J132_EPG11P4_MONO-MAC-6_Blood_908148	908148	MONO-MAC-6
5500994158987071513202_G12	J132_EPG12P4_MEL-HO_Skin_908124	908124	MEL-HO
5500994158987071513202_H01	J132_EPH01P4_KYSE-150_Esophagus_907317	907317	KYSE-150
5500994158987071513202_H02	J132_EPH02P4_KARPAS-620_Blood_1327775	1327775	KARPAS-620
5500994158987071513202_H03	J132_EPH03P4_KGN_Ovary_924186	924186	KGN
5500994158987071513202_H04	J132_EPH04P4_LC4-1_Blood_907787	907787	LC4-1
5500994158987071513202_H05	J132_EPH05P4_LU-165_Lung_753589	753589	LU-165
5500994158987071513202_H06	J132_EPH06P4_LS-1034_Intestine_917486	917486	LS-1034
5500994158987071513202_H07	J132_EPH07P4_LOUCY_Blood_907789	907789	LOUCY
5500994158987071513202_H08	J132_EPH08P4_GB-1_CNS_687568	687568	GB-1
5500994158987071513202_H09	J132_EPH09P4_GT3TKB_Stomach_907041	907041	GT3TKB
5500994158987071513202_H10	J132_EPH10P4_MKN7_Stomach_924250	924250	MKN7
5500994158987071513202_H11	J132_EPH11P4_Mo-T_Blood_908149	908149	Mo-T
5500994158987071513202_H12	J132_EPH12P4_MEC-1_Blood_1330943	1330943	MEC-1
5500994158987071513207_A01	J132_EPA01P5_MS751_Cervix_1240179	1240179	MS751
5500994158987071513207_A02	J132_EPA02P5_MZ7-mel_Skin_753596	753596	MZ7-mel
5500994158987071513207_A03	J132_EPA03P5_MDST8_Intestine_1240173	1240173	MDST8
5500994158987071513207_A04	J132_EPA04P5_U-118-MG_Brain_687588	687588	U-118-MG
5500994158987071513207_A05	J132_EPA05P5_WM1552C_Skin_1299078	1299078	WM1552C
5500994158987071513207_A06	J132_EPA06P5_YH-13_CNS_909905	909905	YH-13
5500994158987071513207_A07	J132_EPA07P5_TE-1_Esophagus_753621	753621	TE-1
5500994158987071513207_A08	J132_EPA08P5_TE-8_Esophagus_753623	753623	TE-8
5500994158987071513207_A09	J132_EPA09P5_SiHa_Cervix_930297	930297	SiHa
5500994158987071513207_A10	J132_EPA10P5_SCC-9_Head & Neck_909709	909709	SCC-9
5500994158987071513207_A11	J132_EPA11P5_SNU-182_Liver_1240216	1240216	SNU-182
5500994158987071513207_A12	J132_EPA12P5_SK-N-SH_Brain_717431	717431	SK-N-SH
5500994158987071513207_B01	J132_EPB01P5_MS-1_Lung_753594	753594	MS-1
5500994158987071513207_B02	J132_EPB02P5_MZ2-MEL_Skin_971777	971777	MZ2-MEL
5500994158987071513207_B03	J132_EPB03P5_MOLM-13_Blood_1330947	1330947	MOLM-13
5500994158987071513207_B04	J132_EPB04P5_U-698-M_Blood_909777	909777	U-698-M
5500994158987071513207_B05	J132_EPB05P5_WM793B_Skin_1299081	1299081	WM793B
5500994158987071513207_B06	J132_EPB06P5_YAPC_Pancreas_909904	909904	YAPC
5500994158987071513207_B07	J132_EPB07P5_TE-10_Esophagus_753622	753622	TE-10
5500994158987071513207_B08	J132_EPB08P5_TE-9_Esophagus_946353	946353	TE-9
5500994158987071513207_B09	J132_EPB09P5_SLVL_Blood_1331032	1331032	SLVL
5500994158987071513207_B10	J132_EPB10P5_SNU-449_Liver_909738	909738	SNU-449
5500994158987071513207_B11	J132_EPB11P5_SW780_Bladder_687457	687457	SW780
5500994158987071513207_B12	J132_EPB12P5_SK-N-FI_Brain_688087	688087	SK-N-FI
5500994158987071513207_C01	J132_EPC01P5_MV-4-11_Blood_908156	908156	MV-4-11
5500994158987071513207_C02	J132_EPC02P5_MZ1-PC_Pancreas_753595	753595	MZ1-PC
5500994158987071513207_C03	J132_EPC03P5_MOLT-4_Blood_905958	905958	MOLT-4
5500994158987071513207_C04	J132_EPC04P5_UACC-893_Breast_909778	909778	UACC-893
5500994158987071513207_C05	J132_EPC05P5_WM278_Skin_1240226	1240226	WM278
5500994158987071513207_C06	J132_EPC06P5_ZR-75-30_Breast_909907	909907	ZR-75-30
5500994158987071513207_C07	J132_EPC07P5_TOV-21G_Ovary_1240222	1240222	TOV-21G
5500994158987071513207_C08	J132_EPC08P5_TGBC11TKB_Stomach_909770	909770	TGBC11TKB
5500994158987071513207_C09	J132_EPC09P5_SNB75_CNS_905982	905982	SNB75
5500994158987071513207_C10	J132_EPC10P5_SW900_Lung:NSCLC_724879	724879	SW900
5500994158987071513207_C11	J132_EPC11P5_SK-HEP-1_Liver_909719	909719	SK-HEP-1
5500994158987071513207_D01	J132_EPD01P5_ML-1_Thyroid_1240178	1240178	ML-1
5500994158987071513207_D02	J132_EPD02P5_MG-63_Bone_908131	908131	MG-63
5500994158987071513207_D03	J132_EPD03P5_M059K_Brain_1298232	1298232	M059K
5500994158987071513207_D04	J132_EPD04P5_VCaP_Prostate_1299075	1299075	VCaP
5500994158987071513207_D05	J132_EPD05P5_WSU-NHL_Blood_909785	909785	WSU-NHL
5500994158987071513207_D06	J132_EPD06P5_YKG-1_Brain_687592	687592	YKG-1
5500994158987071513207_D07	J132_EPD07P5_TE-12_Esophagus_946356	946356	TE-12
5500994158987071513207_D08	J132_EPD08P5_THP-1_Blood_909771	909771	THP-1
5500994158987071513207_D09	J132_EPD09P5_SNU-475_Liver_909739	909739	SNU-475
5500994158987071513207_D10	J132_EPD10P5_SUP-B15_Blood_1247871	1247871	SUP-B15
5500994158987071513207_D11	J132_EPD11P5_SK-OV-3_Ovary_905959	905959	SK-OV-3
5500994158987071513207_D12	J132_EPD12P5_ST486_Blood_910906	910906	ST486
5500994158987071513207_E01	J132_EPE01P5_ML-2_Blood_908141	908141	ML-2
5500994158987071513207_E02	J132_EPE02P5_MHH-PREB-1_Blood_908136	908136	MHH-PREB-1
5500994158987071513207_E03	J132_EPE03P5_U-266_Blood_753615	753615	U-266
5500994158987071513207_E04	J132_EPE04P5_VAL_Blood_1331048	1331048	VAL
5500994158987071513207_E05	J132_EPE05P5_WM35_Skin_1299080	1299080	WM35
5500994158987071513207_E06	J132_EPE06P5_U031_Kidney_905981	905981	U031
5500994158987071513207_E07	J132_EPE07P5_TE-11_Esophagus_946354	946354	TE-11
5500994158987071513207_E08	J132_EPE08P5_T-T_Esophagus_1299064	1299064	T-T
5500994158987071513207_E09	J132_EPE09P5_SU-DHL-8_Blood_1331038	1331038	SU-DHL-8
5500994158987071513207_E10	J132_EPE10P5_SK-MEL-24_Skin_909725	909725	SK-MEL-24
5500994158987071513207_E11	J132_EPE11P5_SW837_Intestine_909755	909755	SW837
5500994158987071513207_E12	J132_EPE12P5_T-24_Bladder_724812	724812	T-24
5500994158987071513207_F01	J132_EPF01P5_MRK-nu-1_Breast_908151	908151	MRK-nu-1
5500994158987071513207_F02	J132_EPF02P5_MCF7_Breast_905946	905946	MCF7
5500994158987071513207_F03	J132_EPF03P5_UM-UC-3_Bladder_724838	724838	UM-UC-3
5500994158987071513207_F04	J132_EPF04P5_VM-CUB-1_Bladder_909780	909780	VM-CUB-1
5500994158987071513207_F05	J132_EPF05P5_WIL2-NS_Blood_1331049	1331049	WIL2-NS
5500994158987071513207_F06	J132_EPF06P5_SBC-1_Lung_713885	713885	SBC-1
5500994158987071513207_F07	J132_EPF07P5_TE-15_Esophagus_753614	753614	TE-15
5500994158987071513207_F08	J132_EPF08P5_TT2609-C02_Thyroid_1240223	1240223	TT2609-C02
5500994158987071513207_F09	J132_EPF09P5_SK-MEL-5_Skin_905956	905956	SK-MEL-5
5500994158987071513207_F10	J132_EPF10P5_SW1990_Pancreas_910907	910907	SW1990
5500994158987071513207_F11	J132_EPF11P5_SW620_Intestine_905962	905962	SW620
5500994158987071513207_F12	J132_EPF12P5_T47D_Breast_905945	905945	T47D
5500994158987071513207_G01	J132_EPG01P5_MKN28_Stomach_908139	908139	MKN28
5500994158987071513207_G02	J132_EPG02P5_MMAC-SF_Skin_925339	925339	MMAC-SF
5500994158987071513207_G03	J132_EPG03P5_U251_Brain_905983	905983	U251
5500994158987071513207_G04	J132_EPG04P5_VA-ES-BJ_Misc_688121	688121	VA-ES-BJ
5500994158987071513207_G05	J132_EPG05P5_WSU-DLCL2_Blood_1331050	1331050	WSU-DLCL2
5500994158987071513207_G06	J132_EPG06P5_SAS_Head & Neck_909708	909708	SAS
5500994158987071513207_G07	J132_EPG07P5_TE-5_Esophagus_735784	735784	TE-5
5500994158987071513207_G08	J132_EPG08P5_TUR_Blood_909773	909773	TUR
5500994158987071513207_G09	J132_EPG09P5_SJRH30_Muscle_909716	909716	SJRH30
5500994158987071513207_G10	J132_EPG10P5_SW872_Misc_909756	909756	SW872
5500994158987071513207_G11	J132_EPG11P5_SNU-387_Liver_909736	909736	SNU-387
5500994158987071513207_G12	J132_EPG12P5_T98G_Brain_687586	687586	T98G
5500994158987071513207_H01	J132_EPH01P5_MKN1_Stomach_908138	908138	MKN1
5500994158987071513207_H02	J132_EPH02P5_MC116_Blood_907799	907799	MC116
5500994158987071513207_H03	J132_EPH03P5_U-87-MG_Brain_687590	687590	U-87-MG
5500994158987071513207_H04	J132_EPH04P5_UMC-11_Lung_909779	909779	UMC-11
5500994158987071513207_H05	J132_EPH05P5_WM-266-4_Skin_1299076	1299076	WM-266-4
5500994158987071513207_H06	J132_EPH06P5_SCaBER_Bladder_1299051	1299051	SCaBER
5500994158987071513207_H07	J132_EPH07P5_TE-6_Esophagus_946355	946355	TE-6
5500994158987071513207_H08	J132_EPH08P5_TCCSUP_Bladder_687459	687459	TCCSUP
5500994158987071513207_H09	J132_EPH09P5_SU-DHL-10_Blood_1331033	1331033	SU-DHL-10
5500994158987071513207_H10	J132_EPH10P5_SK-MEL-28_Skin_905954	905954	SK-MEL-28
5500994158987071513207_H11	J132_EPH11P5_SU-DHL-1_Blood_909742	909742	SU-DHL-1
5500994158987071513207_H12	J132_EPH12P5_T84_Intestine_909761	909761	T84
5500994158987071513209_A01	J132_EPA01P2_201T_Lung:NSCLC_1287381	1287381	201T
5500994158987071513209_A02	J132_EPA02P2_A204_Muscle_910784	910784	A204
5500994158987071513209_A04	J132_EPA04P2_BCPAP_Thyroid_924104	924104	BCPAP
5500994158987071513209_A05	J132_EPA05P2_BT-20_Breast_906801	906801	BT-20
5500994158987071513209_A06	J132_EPA06P2_Ca9-22_Head & Neck_753538	753538	Ca9-22
5500994158987071513209_A07	J132_EPA07P2_CHP-212_Brain_906820	906820	CHP-212
5500994158987071513209_A08	J132_EPA08P2_CAL-85-1_Breast_910852	910852	CAL-85-1
5500994158987071513209_A09	J132_EPA09P2_CPC-N_Lung_753547	753547	CPC-N
5500994158987071513209_A10	J132_EPA10P2_CRO-AP2_Blood_906807	906807	CRO-AP2
5500994158987071513209_A11	J132_EPA11P2_DK-MG_Brain_906839	906839	DK-MG
5500994158987071513209_A12	J132_EPA12P2_EGI-1_Liver_906853	906853	EGI-1
5500994158987071513209_B01	J132_EPB01P2_23132-87_Stomach_910924	910924	23132-87
5500994158987071513209_B03	J132_EPB03P2_ACHN_Kidney_905950	905950	ACHN
5500994158987071513209_B04	J132_EPB04P2_BE-13_Blood_906763	906763	BE-13
5500994158987071513209_B05	J132_EPB05P2_BHT-101_Thyroid_906696	906696	BHT-101
5500994158987071513209_B06	J132_EPB06P2_CAKI-1_Kidney_905963	905963	CAKI-1
5500994158987071513209_B07	J132_EPB07P2_COLO-679_Skin_906818	906818	COLO-679
5500994158987071513209_B08	J132_EPB08P2_CAL-78_Bone_1290765	1290765	CAL-78
5500994158987071513209_B09	J132_EPB09P2_COLO-668_Lung_910692	910692	COLO-668
5500994158987071513209_B10	J132_EPB10P2_D-263MG_CNS_946368	946368	D-263MG
5500994158987071513209_B11	J132_EPB11P2_DMS-53_Lung_907295	907295	DMS-53
5500994158987071513209_B12	J132_EPB12P2_EM-2_Blood_906855	906855	EM-2
5500994158987071513209_C01	J132_EPC01P2_42-MG-BA_Brain_687561	687561	42-MG-BA
5500994158987071513209_C02	J132_EPC02P2_A375_Skin_906793	906793	A375
5500994158987071513209_C03	J132_EPC03P2_AM-38_CNS_910933	910933	AM-38
5500994158987071513209_C04	J132_EPC04P2_BE2-M17_Brain_753616	753616	BE2-M17
5500994158987071513209_C05	J132_EPC05P2_BT-549_Breast_905951	905951	BT-549
5500994158987071513209_C06	J132_EPC06P2_CAS-1_CNS_910943	910943	CAS-1
5500994158987071513209_C07	J132_EPC07P2_COLO-678_Intestine_910689	910689	COLO-678
5500994158987071513209_C08	J132_EPC08P2_Capan-2_Pancreas_910915	910915	Capan-2
5500994158987071513209_C09	J132_EPC09P2_COR-L88_Lung_906808	906808	COR-L88
5500994158987071513209_C10	J132_EPC10P2_DAN-G_Pancreas_1290797	1290797	DAN-G
5500994158987071513209_C11	J132_EPC11P2_DOK_Head & Neck_910936	910936	DOK
5500994158987071513209_C12	J132_EPC12P2_ES4_Bone_949156	949156	ES4
5500994158987071513209_D01	J132_EPD01P2_697_Blood_906800	906800	697
5500994158987071513209_D02	J132_EPD02P2_A388_Unknown_910697	910697	A388
5500994158987071513209_D03	J132_EPD03P2_AN3-CA_Uterus_910781	910781	AN3-CA
5500994158987071513209_D04	J132_EPD04P2_BEN_Lung:NSCLC_753534	753534	BEN
5500994158987071513209_D05	J132_EPD05P2_BT-483_Breast_949093	949093	BT-483
5500994158987071513209_D06	J132_EPD06P2_CAMA-1_Breast_946382	946382	CAMA-1
5500994158987071513209_D07	J132_EPD07P2_COLO-320-HSR_Intestine_910569	910569	COLO-320-HSR
5500994158987071513209_D08	J132_EPD08P2_Ca-Ski_Cervix_906824	906824	Ca-Ski
5500994158987071513209_D09	J132_EPD09P2_COR-L105_Lung:NSCLC_906805	906805	COR-L105
5500994158987071513209_D10	J132_EPD10P2_D-502MG_CNS_946373	946373	D-502MG
5500994158987071513209_D11	J132_EPD11P2_DU-145_Prostate_905935	905935	DU-145
5500994158987071513209_D12	J132_EPD12P2_EN_Uterus_1240127	1240127	EN
5500994158987071513209_E01	J132_EPE01P2_769-P_Kidney_910922	910922	769-P
5500994158987071513209_E02	J132_EPE02P2_A4-Fuk_Skin_910934	910934	A4-Fuk
5500994158987071513209_E03	J132_EPE03P2_ARH-77_Blood_906765	906765	ARH-77
5500994158987071513209_E04	J132_EPE04P2_BFTC-909_Kidney_910698	910698	BFTC-909
5500994158987071513209_E05	J132_EPE05P2_BV-173_Blood_910710	910710	BV-173
5500994158987071513209_E06	J132_EPE06P2_Calu-6_Lung_724859	724859	Calu-6
5500994158987071513209_E07	J132_EPE07P2_C-33-A_Cervix_687505	687505	C-33-A
5500994158987071513209_E08	J132_EPE08P2_COLO-792_Skin_906814	906814	COLO-792
5500994158987071513209_E09	J132_EPE09P2_COR-L23_Lung:NSCLC_687780	687780	COR-L23
5500994158987071513209_E10	J132_EPE10P2_Daoy_Brain_906833	906833	Daoy
5500994158987071513209_E11	J132_EPE11P2_DoTc2-4510_Cervix_906843	906843	DoTc2-4510
5500994158987071513209_E12	J132_EPE12P2_ES-2_Ovary_1240128	1240128	ES-2
5500994158987071513209_F01	J132_EPF01P2_8305C_Thyroid_906795	906795	8305C
5500994158987071513209_F02	J132_EPF02P2_A431_Skin_910925	910925	A431
5500994158987071513209_F03	J132_EPF03P2_ATN-1_Blood_910687	910687	ATN-1
5500994158987071513209_F04	J132_EPF04P2_BHY_Head & Neck_753535	753535	BHY
5500994158987071513209_F05	J132_EPF05P2_C2BBe1_Intestine_910700	910700	C2BBe1
5500994158987071513209_F06	J132_EPF06P2_CAPAN-1_Pancreas_753624	753624	CAPAN-1
5500994158987071513209_F07	J132_EPF07P2_CA46_Blood_910703	910703	CA46
5500994158987071513209_F08	J132_EPF08P2_CFPAC-1_Pancreas_906821	906821	CFPAC-1
5500994158987071513209_F09	J132_EPF09P2_BPH-1_Prostate_924105	924105	BPH-1
5500994158987071513209_F10	J132_EPF10P2_Detroit562_Head & Neck_906837	906837	Detroit562
5500994158987071513209_F11	J132_EPF11P2_DB_Blood_906832	906832	DB
5500994158987071513209_F12	J132_EPF12P2_EW-22_Bone_949167	949167	EW-22
5500994158987071513209_G01	J132_EPG01P2_A101D_Skin_910921	910921	A101D
5500994158987071513209_G02	J132_EPG02P2_A549_Lung:NSCLC_905949	905949	A549
5500994158987071513209_G03	J132_EPG03P2_BALL-1_Blood_910705	910705	BALL-1
5500994158987071513209_G04	J132_EPG04P2_BICR78_Head & Neck_1240122	1240122	BICR78
5500994158987071513209_G05	J132_EPG05P2_C3A_Liver_910850	910850	C3A
5500994158987071513209_G06	J132_EPG06P2_CHL-1_Skin_910853	910853	CHL-1
5500994158987071513209_G07	J132_EPG07P2_CAL-39_Cervix_924107	924107	CAL-39
5500994158987071513209_G08	J132_EPG08P2_COLO-824_Breast_906812	906812	COLO-824
5500994158987071513209_G09	J132_EPG09P2_CTV-1_Blood_753548	753548	CTV-1
5500994158987071513209_G10	J132_EPG10P2_DG-75_Blood_906838	906838	DG-75
5500994158987071513209_G11	J132_EPG11P2_EFM-19_Breast_906851	906851	EFM-19
5500994158987071513209_G12	J132_EPG12P2_EW-11_Bone_684062	684062	EW-11
5500994158987071513209_H01	J132_EPH01P2_A172_Brain_687563	687563	A172
5500994158987071513209_H02	J132_EPH02P2_A673_Muscle_684052	684052	A673
5500994158987071513209_H03	J132_EPH03P2_BC-1_Blood_910919	910919	BC-1
5500994158987071513209_H05	J132_EPH05P2_C8166_Blood_906829	906829	C8166
5500994158987071513209_H06	J132_EPH06P2_CHP-134_PNS_910941	910941	CHP-134
5500994158987071513209_H07	J132_EPH07P2_CAL-72_Bone_906827	906827	CAL-72
5500994158987071513209_H08	J132_EPH08P2_COLO-320_Intestine_1290773	1290773	COLO-320
5500994158987071513209_H09	J132_EPH09P2_ChaGo-K-1_Lung:NSCLC_687596	687596	ChaGo-K-1
5500994158987071513209_H10	J132_EPH10P2_DJM-1_Skin_906841	906841	DJM-1
5500994158987071513209_H11	J132_EPH11P2_EFO-27_Ovary_906852	906852	EFO-27
5500994158987071513209_H12	J132_EPH12P2_EW-1_Bone_949163	949163	EW-1
5500994172383112813928_A01	J132_EPA01P6_MEL-JUSO_Skin_908125	908125	MEL-JUSO
5500994172383112813928_A02	J132_EPA02P6_SF539_CNS_905984	905984	SF539
5500994172383112813928_A03	J132_EPA03P6_SUP-T1_Blood_909743	909743	SUP-T1
5500994172383112813928_A04	J132_EPA04P6_KP-4_Pancreas_753572	753572	KP-4
5500994172383112813928_A05	J132_EPA05P6_KM-H2_Blood_909976	909976	KM-H2
5500994172383112813928_A06	J132_EPA06P6_SK-LMS-1_Misc_909720	909720	SK-LMS-1
5500994172383112813928_A07	J132_EPA07P6_H-EMC-SS_Bone_907290	907290	H-EMC-SS
5500994172383112813928_A08	J132_EPA08P6_HD-MY-Z_Blood_907050	907050	HD-MY-Z
5500994172383112813928_A09	J132_EPA09P6_SW684_Misc_909754	909754	SW684
5500994172383112813928_A10	J132_EPA10P6_HOP-92_Lung:NSCLC_905973	905973	HOP-92
5500994172383112813928_A11	J132_EPA11P6_JEG-3_Uterus_907176	907176	JEG-3
5500994172383112813928_A12	J132_EPA12P6_JHH-2_Liver_1240157	1240157	JHH-2
5500994172383112813928_B01	J132_EPB01P6_MDA-MB-231_Breast_905960	905960	MDA-MB-231
5500994172383112813928_B02	J132_EPB02P6_SHP-77_Lung_724872	724872	SHP-77
5500994172383112813928_B03	J132_EPB03P6_SK-ES-1_Bone_684072	684072	SK-ES-1
5500994172383112813928_B04	J132_EPB04P6_KYM-1_Muscle_1240166	1240166	KYM-1
5500994172383112813928_B05	J132_EPB05P6_KON_Head & Neck_1298215	1298215	KON
5500994172383112813928_B06	J132_EPB06P6_Hs-766T_Pancreas_1298141	1298141	Hs-766T
5500994172383112813928_B07	J132_EPB07P6_HCE-T_Sinus_907049	907049	HCE-T
5500994172383112813928_B08	J132_EPB08P6_HCC-827_Lung_1240146	1240146	HCC-827
5500994172383112813928_B09	J132_EPB09P6_SW948_Intestine_909757	909757	SW948
5500994172383112813928_B10	J132_EPB10P6_HCE-4_Esophagus_753559	753559	HCE-4
5500994172383112813928_B11	J132_EPB11P6_JVM-3_Blood_907270	907270	JVM-3
5500994172383112813928_B12	J132_EPB12P6_JHH-4_Liver_1240158	1240158	JHH-4
5500994172383112813928_C01	J132_EPC01P6_MDA-MB-361_Breast_908121	908121	MDA-MB-361
5500994172383112813928_C02	J132_EPC02P6_SH-4_Skin_909713	909713	SH-4
5500994172383112813928_C03	J132_EPC03P6_SUIT-2_Pancreas_1240219	1240219	SUIT-2
5500994172383112813928_C04	J132_EPC04P6_SK-NEP-1_Kidney_909730	909730	SK-NEP-1
5500994172383112813928_C05	J132_EPC05P6_KNS-42_CNS_907282	907282	KNS-42
5500994172383112813928_C06	J132_EPC06P6_HSC-4_Head & Neck_907062	907062	HSC-4
5500994172383112813928_C07	J132_EPC07P6_HN_Head & Neck_907059	907059	HN
5500994172383112813928_C08	J132_EPC08P6_HT-1080_Miscellaneous_907064	907064	HT-1080
5500994172383112813928_C09	J132_EPC09P6_SW954_Vulva_924247	924247	SW954
5500994172383112813928_C10	J132_EPC10P6_JURL-MK1_Blood_1327771	1327771	JURL-MK1
5500994172383112813928_C11	J132_EPC11P6_JSC-1_Blood_1327769	1327769	JSC-1
5500994172383112813928_C12	J132_EPC12P6_IPC-298_Skin_907171	907171	IPC-298
5500994172383112813928_D01	J132_EPD01P6_MDA-MB-453_Breast_908122	908122	MDA-MB-453
5500994172383112813928_D02	J132_EPD02P6_S-117_Thyroid_910946	910946	S-117
5500994172383112813928_D03	J132_EPD03P6_SK-MES-1_Lung:NSCLC_909728	909728	SK-MES-1
5500994172383112813928_D04	J132_EPD04P6_SK-UT-1_Muscle_909732	909732	SK-UT-1
5500994172383112813928_D05	J132_EPD05P6_KP-1N_Pancreas_1298216	1298216	KP-1N
5500994172383112813928_D06	J132_EPD06P6_HT-1376_Bladder_907066	907066	HT-1376
5500994172383112813928_D07	J132_EPD07P6_HA7-RCC_Kidney_753558	753558	HA7-RCC
5500994172383112813928_D08	J132_EPD08P6_HPAF-II_Pancreas_724869	724869	HPAF-II
5500994172383112813928_D09	J132_EPD09P6_SW962_Vulva_909758	909758	SW962
5500994172383112813928_D10	J132_EPD10P6_JJN-3_Blood_1327766	1327766	JJN-3
5500994172383112813928_D11	J132_EPD11P6_J-RT3-T3-5_Blood_907391	907391	J-RT3-T3-5
5500994172383112813928_D12	J132_EPD12P6_IA-LM_Lung_910779	910779	IA-LM
5500994172383112813928_E01	J132_EPE01P6_SBC-5_Lung_713880	713880	SBC-5
5500994172383112813928_E02	J132_EPE02P6_SR_Blood_905965	905965	SR
5500994172383112813928_E03	J132_EPE03P6_SK-MG-1_CNS_909729	909729	SK-MG-1
5500994172383112813928_E04	J132_EPE04P6_SKG-IIIa_Cervix_930298	930298	SKG-IIIa
5500994172383112813928_E05	J132_EPE05P6_KNS-62_Lung_753569	753569	KNS-62
5500994172383112813928_E07	J132_EPE07P6_H4_Brain_907042	907042	H4
5500994172383112813928_E08	J132_EPE08P6_HT55_Intestine_907287	907287	HT55
5500994172383112813928_E09	J132_EPE09P6_SK-MM-2_Blood_753612	753612	SK-MM-2
5500994172383112813928_E10	J132_EPE10P6_JiyoyeP-2003_Blood_907268	907268	JiyoyeP-2003
5500994172383112813928_E11	J132_EPE11P6_JHH-6_Liver_1240159	1240159	JHH-6
5500994172383112813928_E12	J132_EPE12P6_IM-95_Stomach_1240155	1240155	IM-95
5500994172383112813928_F01	J132_EPF01P6_SCC-15_Head & Neck_910911	910911	SCC-15
5500994172383112813928_F02	J132_EPF02P6_TOV-112D_Ovary_1299070	1299070	TOV-112D
5500994172383112813928_F03	J132_EPF03P6_SKN_Uterus_1240215	1240215	SKN
5500994172383112813928_F04	J132_EPF04P6_SK-LU-1_Lung:NSCLC_909721	909721	SK-LU-1
5500994172383112813928_F05	J132_EPF05P6_KARPAS-422_Blood_907274	907274	KARPAS-422
5500994172383112813928_F06	J132_EPF06P6_HuP-T4_Pancreas_907286	907286	HuP-T4
5500994172383112813928_F07	J132_EPF07P6_HAL-01_Blood_949153	949153	HAL-01
5500994172383112813928_F08	J132_EPF08P6_HLE_Liver_907057	907057	HLE
5500994172383112813928_F09	J132_EPF09P6_SK-PN-DW_Bone_909731	909731	SK-PN-DW
5500994172383112813928_F10	J132_EPF10P6_J82_Bladder_753566	753566	J82
5500994172383112813928_F11	J132_EPF11P6_JHH-7_Liver_1240160	1240160	JHH-7
5500994172383112813928_F12	J132_EPF12P6_IGR-37_Skin_1240153	1240153	IGR-37
5500994172383112813928_G01	J132_EPG01P6_SAT_Head & Neck_1299050	1299050	SAT
5500994172383112813928_G02	J132_EPG02P6_SW1573_Lung:NSCLC_724878	724878	SW1573
5500994172383112813928_G03	J132_EPG03P6_SKN-3_Head & Neck_1299059	1299059	SKN-3
5500994172383112813928_G04	J132_EPG04P6_SKM-1_Blood_909722	909722	SKM-1
5500994172383112813928_G05	J132_EPG05P6_SK-MEL-30_Skin_909726	909726	SK-MEL-30
5500994172383112813928_G06	J132_EPG06P6_HUTU-80_Intestine_907073	907073	HUTU-80
5500994172383112813928_G07	J132_EPG07P6_HOP-62_Lung_905972	905972	HOP-62
5500994172383112813928_G08	J132_EPG08P6_IHH-4_Thyroid_1240154	1240154	IHH-4
5500994172383112813928_G09	J132_EPG09P6_IST-SL1_Lung_753564	753564	IST-SL1
5500994172383112813928_G10	J132_EPG10P6_JAR_Miscellaneous_907175	907175	JAR
5500994172383112813928_G11	J132_EPG11P6_JHU-011_Head & Neck_1240161	1240161	JHU-011
5500994172383112813928_G12	J132_EPG12P6_IGROV-1_Ovary_905968	905968	IGROV-1
5500994172383112813928_H01	J132_EPH01P6_SBC-3_Lung_753610	753610	SBC-3
5500994172383112813928_H02	J132_EPH02P6_SUP-B8_Blood_910209	910209	SUP-B8
5500994172383112813928_H03	J132_EPH03P6_SK-MEL-3_Skin_909724	909724	SK-MEL-3
5500994172383112813928_H04	J132_EPH04P6_IM-9_Blood_753563	753563	IM-9
5500994172383112813928_H05	J132_EPH05P6_KYSE-50_Esophagus_1298222	1298222	KYSE-50
5500994172383112813928_H06	J132_EPH06P6_HeLaSF_Cervix_687509	687509	HeLaSF
5500994172383112813928_H07	J132_EPH07P6_HDQ-P1_Breast_1290922	1290922	HDQ-P1
5500994172383112813928_H08	J132_EPH08P6_IST-SL2_Lung_753565	753565	IST-SL2
5500994172383112813928_H09	J132_EPH09P6_IMR-5_PNS_907170	907170	IMR-5
5500994172383112813928_H10	J132_EPH10P6_JEKO-1_Blood_1327765	1327765	JEKO-1
5500994172383112813928_H11	J132_EPH11P6_JHU-022_Head & Neck_1240162	1240162	JHU-022
5500994172383112813928_H12	J132_EPH12P6_I-9-2_Blood_1327761	1327761	I-9-2
5500994172383112813929_A01	J132_EPA01P3_EVSA-T_Breast_906862	906862	EVSA-T
5500994172383112813929_A02	J132_EPA02P3_EBC-1_Lung:NSCLC_753554	753554	EBC-1
5500994172383112813929_A03	J132_EPA03P3_ASH-3_Thyroid_1290722	1290722	ASH-3
5500994172383112813929_A04	J132_EPA04P3_CaR-1_Intestine_924108	924108	CaR-1
5500994172383112813929_A05	J132_EPA05P3_CP66-MEL_Skin_753546	753546	CP66-MEL
5500994172383112813929_A06	J132_EPA06P3_D-392MG_CNS_946370	946370	D-392MG
5500994172383112813929_A07	J132_EPA07P3_EW-16_Bone_949165	949165	EW-16
5500994172383112813929_A08	J132_EPA08P3_HL-60_Blood_905938	905938	HL-60
5500994172383112813929_A09	J132_EPA09P3_HCC1937_Breast_749714	749714	HCC1937
5500994172383112813929_A10	J132_EPA10P3_HEL_Blood_907053	907053	HEL
5500994172383112813929_A11	J132_EPA11P3_HCC202_Breast_1290906	1290906	HCC202
5500994172383112813929_A12	J132_EPA12P3_HCC1500_Breast_1303900	1303900	HCC1500
5500994172383112813929_B01	J132_EPB01P3_ES7_Bone_684059	684059	ES7
5500994172383112813929_B02	J132_EPB02P3_AMO-1_Blood_1295741	1295741	AMO-1
5500994172383112813929_B03	J132_EPB03P3_A2780_Ovary_906804	906804	A2780
5500994172383112813929_B05	J132_EPB05P3_DEL_Blood_906836	906836	DEL
5500994172383112813929_B06	J132_EPB06P3_ECC10_Stomach_906848	906848	ECC10
5500994172383112813929_B07	J132_EPB07P3_EW-13_Bone_949166	949166	EW-13
5500994172383112813929_B08	J132_EPB08P3_HSC-3_Head & Neck_907061	907061	HSC-3
5500994172383112813929_B09	J132_EPB09P3_HuO9_Bone_907072	907072	HuO9
5500994172383112813929_B10	J132_EPB10P3_HPAC_Pancreas_1298136	1298136	HPAC
5500994172383112813929_B11	J132_EPB11P3_Hs-633T_Misc_1240149	1240149	Hs-633T
5500994172383112813929_B12	J132_EPB12P3_HCC2998_Intestine_905971	905971	HCC2998
5500994172383112813929_C01	J132_EPC01P3_EFO-21_Ovary_911905	911905	EFO-21
5500994172383112813929_C02	J132_EPC02P3_451Lu_Skin_1287706	1287706	451Lu
5500994172383112813929_C03	J132_EPC03P3_BB30-HNC_H&N_753531	753531	BB30-HNC
5500994172383112813929_C04	J132_EPC04P3_CL-11_Intestine_1290769	1290769	CL-11
5500994172383112813929_C05	J132_EPC05P3_D-336MG_CNS_946369	946369	D-336MG
5500994172383112813929_C06	J132_EPC06P3_ECC12_Stomach_906849	906849	ECC12
5500994172383112813929_C07	J132_EPC07P3_EKVX_Lung_905970	905970	EKVX
5500994172383112813929_C08	J132_EPC08P3_HuP-T3_Pancreas_907285	907285	HuP-T3
5500994172383112813929_C09	J132_EPC09P3_HEC-1_Uterus_907051	907051	HEC-1
5500994172383112813929_C10	J132_EPC10P3_HGC-27_Stomach_907055	907055	HGC-27
5500994172383112813929_C11	J132_EPC11P3_H9_Blood_907043	907043	H9
5500994172383112813929_C12	J132_EPC12P3_HCC-56_Intestine_1290907	1290907	HCC-56
5500994172383112813929_D01	J132_EPD01P3_EW-18_Bone_949164	949164	EW-18
5500994172383112813929_D02	J132_EPD02P3_A427_Lung:NSCLC_910851	910851	A427
5500994172383112813929_D03	J132_EPD03P3_BB49-HNC_H&N_753532	753532	BB49-HNC
5500994172383112813929_D04	J132_EPD04P3_CCK-81_Intestine_1240123	1240123	CCK-81
5500994172383112813929_D05	J132_EPD05P3_D-247MG_CNS_946367	946367	D-247MG
5500994172383112813929_D06	J132_EPD06P3_ES5_Bone_684057	684057	ES5
5500994172383112813929_D07	J132_EPD07P3_EoL-1-cell_Blood_906856	906856	EoL-1-cell
5500994172383112813929_D08	J132_EPD08P3_HO-1-N-1_Head & Neck_924111	924111	HO-1-N-1
5500994172383112813929_D09	J132_EPD09P3_HCC-44_Lung_1240145	1240145	HCC-44
5500994172383112813929_D10	J132_EPD10P3_HTC-C3_Thyroid_924151	924151	HTC-C3
5500994172383112813929_D11	J132_EPD11P3_HCC-78_Lung:NSCLC_1290908	1290908	HCC-78
5500994172383112813929_D12	J132_EPD12P3_HCC-15_Lung_1240143	1240143	HCC-15
5500994172383112813929_E01	J132_EPE01P3_EB-3_Blood_906847	906847	EB-3
5500994172383112813929_E02	J132_EPE02P3_A498_Kidney_905948	905948	A498
5500994172383112813929_E03	J132_EPE03P3_BB65-RCC_Kidney_753533	753533	BB65-RCC
5500994172383112813929_E04	J132_EPE04P3_CCRF-CEM_Blood_905952	905952	CCRF-CEM
5500994172383112813929_E05	J132_EPE05P3_D-542MG_CNS_753549	753549	D-542MG
5500994172383112813929_E06	J132_EPE06P3_EW-3_Bone_949161	949161	EW-3
5500994172383112813929_E07	J132_EPE07P3_EMC-BAC-2_Esophagus_1503370	1503370	EMC-BAC-2
5500994172383112813929_E08	J132_EPE08P3_HuCCT1_Liver_907069	907069	HuCCT1
5500994172383112813929_E09	J132_EPE09P3_HCC1187_Breast_749711	749711	HCC1187
5500994172383112813929_E10	J132_EPE10P3_HCC2157_Breast_749715	749715	HCC2157
5500994172383112813929_E11	J132_EPE11P3_Hs746T_Stomach_1240151	1240151	Hs746T
5500994172383112813929_E12	J132_EPE12P3_HCC1954_Breast_749709	749709	HCC1954
5500994172383112813929_F01	J132_EPF01P3_EPLC-272H_Lung:NSCLC_753556	753556	EPLC-272H
5500994172383112813929_F02	J132_EPF02P3_A253_H&N_906794	906794	A253
5500994172383112813929_F03	J132_EPF03P3_BOKU_Cervix_753536	753536	BOKU
5500994172383112813929_F04	J132_EPF04P3_COLO-684_Uterus_910691	910691	COLO-684
5500994172383112813929_F05	J132_EPF05P3_DMS-79_Lung_753551	753551	DMS-79
5500994172383112813929_F06	J132_EPF06P3_EW-7_Bone_949160	949160	EW-7
5500994172383112813929_F07	J132_EPF07P3_EHEB_Blood_906854	906854	EHEB
5500994172383112813929_F08	J132_EPF08P3_HCT-15_Intestine_905937	905937	HCT-15
5500994172383112813929_F09	J132_EPF09P3_H3255_Lung_1247873	1247873	H3255
5500994172383112813929_F10	J132_EPF10P3_HCC2218_Breast_749716	749716	HCC2218
5500994172383112813929_F11	J132_EPF11P3_HH_Blood_907056	907056	HH
5500994172383112813929_F12	J132_EPF12P3_HT-144_Skin_907067	907067	HT-144
5500994172383112813929_G01	J132_EPG01P3_EC-GI-10_Esophagus_753555	753555	EC-GI-10
5500994172383112813929_G02	J132_EPG02P3_ABC-1_Lung:NSCLC_906791	906791	ABC-1
5500994172383112813929_G03	J132_EPG03P3_CAL-27_Mouth_910916	910916	CAL-27
5500994172383112813929_G04	J132_EPG04P3_CGTH-W-1_Thyroid_910568	910568	CGTH-W-1
5500994172383112813929_G05	J132_EPG05P3_DND-41_Blood_1297446	1297446	DND-41
5500994172383112813929_G06	J132_EPG06P3_EW-24_Bone_949168	949168	EW-24
5500994172383112813929_G07	J132_EPG07P3_EMC-BAC-1_Esophagus_1503369	1503369	EMC-BAC-1
5500994172383112813929_G08	J132_EPG08P3_HCC70_Breast_907048	907048	HCC70
5500994172383112813929_G09	J132_EPG09P3_H3118_Head & Neck_1240140	1240140	H3118
5500994172383112813929_G10	J132_EPG10P3_HCC1569_Breast_907046	907046	HCC1569
5500994172383112813929_G11	J132_EPG11P3_HARA_Lung_1240142	1240142	HARA
5500994172383112813929_G12	J132_EPG12P3_HT-115_Intestine_907289	907289	HT-115
5500994172383112813929_H01	J132_EPH01P3_EB2_Blood_906846	906846	EB2
5500994172383112813929_H02	J132_EPH02P3_ALL-PO_Blood_910944	910944	ALL-PO
5500994172383112813929_H03	J132_EPH03P3_BICR22_Head & Neck_1240121	1240121	BICR22
5500994172383112813929_H04	J132_EPH04P3_CTB-1_Blood_949088	949088	CTB-1
5500994172383112813929_H05	J132_EPH05P3_DOHH-2_Blood_906842	906842	DOHH-2
5500994172383112813929_H06	J132_EPH06P3_ESO26_Esophagus_1503366	1503366	ESO26
5500994172383112813929_H07	J132_EPH07P3_Hs-944-T_Skin_1240152	1240152	Hs-944-T
5500994172383112813929_H08	J132_EPH08P3_HCC1806_Breast_907047	907047	HCC1806
5500994172383112813929_H09	J132_EPH09P3_Hs-683_Brain_1240150	1240150	Hs-683
5500994172383112813929_H10	J132_EPH10P3_HCC1428_Breast_1290905	1290905	HCC1428
5500994172383112813929_H11	J132_EPH11P3_HuH-7_Liver_907071	907071	HuH-7
5500994172383112813929_H12	J132_EPH12P3_HT-3_Cervix_907068	907068	HT-3
5500994172383112813930_A01	J132_EPA01P8_NCI-H1869_Lung_1240183	1240183	NCI-H1869
5500994172383112813930_A02	J132_EPA02P8_NCI-H2347_Lung:NSCLC_687820	687820	NCI-H2347
5500994172383112813930_A03	J132_EPA03P8_NCI-H2170_Lung:NSCLC_687815	687815	NCI-H2170
5500994172383112813930_A04	J132_EPA04P8_NCI-H510A_Lung_753605	753605	NCI-H510A
5500994172383112813930_A05	J132_EPA05P8_NCI-H810_Lung:NSCLC_925341	925341	NCI-H810
5500994172383112813930_A06	J132_EPA06P8_NCI-SNU-1_Stomach_908444	908444	NCI-SNU-1
5500994172383112813930_A07	J132_EPA07P8_NUGC-3_Stomach_908455	908455	NUGC-3
5500994172383112813930_A08	J132_EPA08P8_NB7_PNS_949174	949174	NB7
5500994172383112813930_A09	J132_EPA09P8_NMC-G1_CNS_908449	908449	NMC-G1
5500994172383112813930_A10	J132_EPA10P8_OCI-M1_Blood_1330985	1330985	OCI-M1
5500994172383112813930_A11	J132_EPA11P8_NCI-H1666_Lung:NSCLC_908473	908473	NCI-H1666
5500994172383112813930_A12	J132_EPA12P8_SW1710_Bladder_909749	909749	SW1710
5500994172383112813930_B01	J132_EPB01P8_NCI-H1650_Lung:NSCLC_687800	687800	NCI-H1650
5500994172383112813930_B02	J132_EPB02P8_NCI-H2405_Lung:NSCLC_687821	687821	NCI-H2405
5500994172383112813930_B03	J132_EPB03P8_NCI-H2029_Lung_688011	688011	NCI-H2029
5500994172383112813930_B04	J132_EPB04P8_NCI-H322M_Lung_905967	905967	NCI-H322M
5500994172383112813930_B05	J132_EPB05P8_NCI-H740_Lung_1331055	1331055	NCI-H740
5500994172383112813930_B06	J132_EPB06P8_NCI-SNU-16_Stomach_908446	908446	NCI-SNU-16
5500994172383112813930_B07	J132_EPB07P8_NU-DUL-1_Blood_1330982	1330982	NU-DUL-1
5500994172383112813930_B08	J132_EPB08P8_NBsusSR_PNS_925342	925342	NBsusSR
5500994172383112813930_B09	J132_EPB09P8_OVK-18_Ovary_1480371	1480371	OVK-18
5500994172383112813930_B10	J132_EPB10P8_OCI-LY-19_Blood_1330984	1330984	OCI-LY-19
5500994172383112813930_B11	J132_EPB11P8_NCI-H196_Lung_1240186	1240186	NCI-H196
5500994172383112813930_B12	J132_EPB12P8_SCH_Stomach_909711	909711	SCH
5500994172383112813930_C01	J132_EPC01P8_NCI-H1838_Lung:NSCLC_687807	687807	NCI-H1838
5500994172383112813930_C02	J132_EPC02P8_NCI-H2023_Lung_1240187	1240187	NCI-H2023
5500994172383112813930_C03	J132_EPC03P8_NCI-H211_Lung_1240189	1240189	NCI-H211
5500994172383112813930_C04	J132_EPC04P8_NCI-H650_Lung:NSCLC_722066	722066	NCI-H650
5500994172383112813930_C05	J132_EPC05P8_NCI-H841_Lung_1240192	1240192	NCI-H841
5500994172383112813930_C06	J132_EPC06P8_NALM-6_Blood_908158	908158	NALM-6
5500994172383112813930_C07	J132_EPC07P8_NB14_PNS_949178	949178	NB14
5500994172383112813930_C08	J132_EPC08P8_no-11_CNS_908450	908450	no-11
5500994172383112813930_C09	J132_EPC09P8_OACM5-1_Esophagus_1503363	1503363	OACM5-1
5500994172383112813930_C10	J132_EPC10P8_OCI-AML5_Blood_1330983	1330983	OCI-AML5
5500994172383112813930_C11	J132_EPC11P8_SNU-423_Liver_909737	909737	SNU-423
5500994172383112813930_C12	J132_EPC12P8_NCI-H1703_Lung:NSCLC_908474	908474	NCI-H1703
5500994172383112813930_D01	J132_EPD01P8_NCI-H2227_Lung_688018	688018	NCI-H2227
5500994172383112813930_D02	J132_EPD02P8_NCI-H209_Lung_688013	688013	NCI-H209
5500994172383112813930_D03	J132_EPD03P8_NCI-H2291_Lung:NSCLC_724874	724874	NCI-H2291
5500994172383112813930_D04	J132_EPD04P8_NCI-H3122_Lung_1240190	1240190	NCI-H3122
5500994172383112813930_D05	J132_EPD05P8_NCI-H747_Intestine_908457	908457	NCI-H747
5500994172383112813930_D06	J132_EPD06P8_NCI-SNU-5_Stomach_908445	908445	NCI-SNU-5
5500994172383112813930_D07	J132_EPD07P8_NCC021_0_1509074	1509074	NCC021
5500994172383112813930_D08	J132_EPD08P8_NY_Bone_910849	910849	NY
5500994172383112813930_D09	J132_EPD09P8_OVCAR-4_Ovary_905990	905990	OVCAR-4
5500994172383112813930_D10	J132_EPD10P8_OACp4C_Esophagus_1503362	1503362	OACp4C
5500994172383112813930_D11	J132_EPD11P8_SN12C_Kidney_905979	905979	SN12C
5500994172383112813930_D12	J132_EPD12P8_SCC-25_Head & Neck_910701	910701	SCC-25
5500994172383112813930_E01	J132_EPE01P8_NCI-H1693_Lung:NSCLC_687802	687802	NCI-H1693
5500994172383112813930_E02	J132_EPE02P8_NCI-H2444_Lung:NSCLC_1298356	1298356	NCI-H2444
5500994172383112813930_E03	J132_EPE03P8_NCI-H520_Lung:NSCLC_908443	908443	NCI-H520
5500994172383112813930_E04	J132_EPE04P8_NCI-H526_Lung_688025	688025	NCI-H526
5500994172383112813930_E05	J132_EPE05P8_NCI-H929_Blood_724825	724825	NCI-H929
5500994172383112813930_E06	J132_EPE06P8_NAMALWA_Blood_908159	908159	NAMALWA
5500994172383112813930_E07	J132_EPE07P8_NKM-1_Blood_908448	908448	NKM-1
5500994172383112813930_E08	J132_EPE08P8_NB13_PNS_949177	949177	NB13
5500994172383112813930_E09	J132_EPE09P8_OVCAR-3_Ovary_905933	905933	OVCAR-3
5500994172383112813930_E10	J132_EPE10P8_NCI-H1694_Lung_688006	688006	NCI-H1694
5500994172383112813930_E11	J132_EPE11P8_SW1116_Intestine_909746	909746	SW1116
5500994172383112813930_E12	J132_EPE12P8_SNU-C2B_Intestine_909740	909740	SNU-C2B
5500994172383112813930_F01	J132_EPF01P8_NCI-H2135_Lung:NSCLC_1298352	1298352	NCI-H2135
5500994172383112813930_F02	J132_EPF02P8_NCI-H2085_Lung_687812	687812	NCI-H2085
5500994172383112813930_F03	J132_EPF03P8_NCI-H378_Lung_688022	688022	NCI-H378
5500994172383112813930_F04	J132_EPF04P8_NCI-H64_Lung_688026	688026	NCI-H64
5500994172383112813930_F05	J132_EPF05P8_NCI-H69_Lung_688027	688027	NCI-H69
5500994172383112813930_F06	J132_EPF06P8_NB10_PNS_949171	949171	NB10
5500994172383112813930_F07	J132_EPF07P8_NOMO-1_Blood_908451	908451	NOMO-1
5500994172383112813930_F08	J132_EPF08P8_NB17_PNS_949175	949175	NB17
5500994172383112813930_F09	J132_EPF09P8_OCUM-1_Stomach_1298358	1298358	OCUM-1
5500994172383112813930_F10	J132_EPF10P8_SW1463_Intestine_909748	909748	SW1463
5500994172383112813930_F11	J132_EPF11P8_SW13_Kidney_909744	909744	SW13
5500994172383112813930_F12	J132_EPF12P8_SNU-398_Liver_1240217	1240217	SNU-398
5500994172383112813930_G01	J132_EPG01P8_NCI-H2126_Lung_687814	687814	NCI-H2126
5500994172383112813930_G02	J132_EPG02P8_NCI-H2342_Lung:NSCLC_687819	687819	NCI-H2342
5500994172383112813930_G03	J132_EPG03P8_NCI-H630_Intestine_908482	908482	NCI-H630
5500994172383112813930_G04	J132_EPG04P8_NCI-H596_Lung:NSCLC_908459	908459	NCI-H596
5500994172383112813930_G05	J132_EPG05P8_NCI-H82_Lung_688031	688031	NCI-H82
5500994172383112813930_G06	J132_EPG06P8_NB12_PNS_949172	949172	NB12
5500994172383112813930_G07	J132_EPG07P8_NH-12_Kidney_908447	908447	NH-12
5500994172383112813930_G08	J132_EPG08P8_NB5_PNS_949176	949176	NB5
5500994172383112813930_G09	J132_EPG09P8_SCC-3_Blood_910930	910930	SCC-3
5500994172383112813930_G10	J132_EPG10P8_SW48_Intestine_909751	909751	SW48
5500994172383112813930_G11	J132_EPG11P8_SU-DHL-4_Blood_1331035	1331035	SU-DHL-4
5500994172383112813930_G12	J132_EPG12P8_SF268_CNS_905986	905986	SF268
5500994172383112813930_H02	J132_EPH02P8_NCI-H23_Lung:NSCLC_905942	905942	NCI-H23
5500994172383112813930_H03	J132_EPH03P8_NCI-H522_Lung:NSCLC_905944	905944	NCI-H522
5500994172383112813930_H04	J132_EPH04P8_NCI-H835_Lung_753607	753607	NCI-H835
5500994172383112813930_H05	J132_EPH05P8_NCI-H647_Lung_1240191	1240191	NCI-H647
5500994172383112813930_H06	J132_EPH06P8_NB69_Brain_908440	908440	NB69
5500994172383112813930_H07	J132_EPH07P8_no-10_CNS_908452	908452	no-10
5500994172383112813930_H08	J132_EPH08P8_NTERA-S-cl-D1_Testes_908454	908454	NTERA-S-cl-D1
5500994172383112813930_H09	J132_EPH09P8_SCC-4_Head & Neck_910904	910904	SCC-4
5500994172383112813930_H10	J132_EPH10P8_NCI-H1975_Lung:NSCLC_924244	924244	NCI-H1975
5500994172383112813930_H11	J132_EPH11P8_SW982_Misc_909759	909759	SW982
5500994172383112813930_H12	J132_EPH12P8_SF126_CNS_909712	909712	SF126
5500994172948120113978_A01	J132_EPA01P9_CMK_haematopoietic_and_lymphoid_tissue_910566	910566	CMK
5500994172948120113978_A02	J132_EPA02P9_NB-TU-1-10_Kidney_1240181	1240181	NB-TU-1-10
5500994172948120113978_A03	J132_EPA03P9_NCI-H2141_lung_688014	688014	NCI-H2141
5500994172948120113978_A04	J132_EPA04P9_NCI-H250_lung_924241	924241	NCI-H250
5500994172948120113978_A05	J132_EPA05P9_CCF-STTG1_central_nervous_system_906823	906823	CCF-STTG1
5500994172948120113978_A06	J132_EPA06P9_COR-L321_Lung_1322213	1322213	COR-L321
5500994172948120113978_A07	J132_EPA07P9_SK-MEL-2_skin_905955	905955	SK-MEL-2
5500994172948120113978_A08	J132_EPA08P9_IOSE-75-16SV40_Ovary_1479994	1479994	IOSE-75-16SV40
5500994172948120113978_A09	J132_EPA09P9_Hs-578-T_breast_905957	905957	Hs-578-T
5500994172948120113978_A10	J132_EPA10P9_VMRC-LCD_Lung:NSCLC_713869	713869	VMRC-LCD
5500994172948120113978_A11	J132_EPA11P9_OVCA420_Ovary_1480364	1480364	OVCA420
5500994172948120113978_A12	J132_EPA12P9_BL-41_haematopoietic_and_lymphoid_tissue_910706	910706	BL-41
5500994172948120113978_B01	J132_EPB01P9_UWB1.289_Ovary_1480374	1480374	UWB1.289
5500994172948120113978_B02	J132_EPB02P9_COR-L32_Lung_1322212	1322212	COR-L32
5500994172948120113978_B03	J132_EPB03P9_NCI-H1341_Lung_1330964	1330964	NCI-H1341
5500994172948120113978_B04	J132_EPB04P9_Farage_Blood_1297449	1297449	Farage
5500994172948120113978_B05	J132_EPB05P9_NCI-H660_Prostate_1330975	1330975	NCI-H660
5500994172948120113978_B06	J132_EPB06P9_KARPAS-299_haematopoietic_and_lymphoid_tissue_907273	907273	KARPAS-299
5500994172948120113978_B07	J132_EPB07P9_NCI-H2172_Lung:NSCLC_1298353	1298353	NCI-H2172
5500994172948120113978_B08	J132_EPB08P9_LK-2_lung_687787	687787	LK-2
5500994172948120113978_B09	J132_EPB09P9_IOSE-364-_Ovary_1479991	1479991	IOSE-364-
5500994172948120113978_B10	J132_EPB10P9_NCI-H2286_Lung_1298355	1298355	NCI-H2286
5500994172948120113978_B11	J132_EPB11P9_SK-GT-2_Esophagus_1503364	1503364	SK-GT-2
5500994172948120113978_C01	J132_EPC01P9_SW756_cervix_724839	724839	SW756
5500994172948120113978_C02	J132_EPC02P9_NUGC-4_Stomach_1298357	1298357	NUGC-4
5500994172948120113978_C03	J132_EPC03P9_HCC-366_Lung_1240144	1240144	HCC-366
5500994172948120113978_C04	J132_EPC04P9_RWPE-1_Prostate_1331026	1331026	RWPE-1
5500994172948120113978_C05	J132_EPC05P9_ROS-50_Blood_1331025	1331025	ROS-50
5500994172948120113978_C06	J132_EPC06P9_CHSA0011_Bone_1290767	1290767	CHSA0011
5500994172948120113978_C07	J132_EPC07P9_KYAE-1_Esophagus_1503368	1503368	KYAE-1
5500994172948120113978_C08	J132_EPC08P9_Ishikawa_Uterus_1298150	1298150	Ishikawa
5500994172948120113978_C09	J132_EPC09P9_MOLP-8_Blood_1330950	1330950	MOLP-8
5500994172948120113978_C10	J132_EPC10P9_NCI-H847_Lung_1240193	1240193	NCI-H847
5500994172948120113978_C11	J132_EPC11P9_COLO-783_Skin_1240125	1240125	COLO-783
5500994172948120113978_D01	J132_EPD01P9_LP-1_haematopoietic_and_lymphoid_tissue_907791	907791	LP-1
5500994172948120113978_D02	J132_EPD02P9_NCI-H524_lung_908483	908483	NCI-H524
5500994172948120113978_D03	J132_EPD03P9_NEC8_testis_910942	910942	NEC8
5500994172948120113978_D04	J132_EPD04P9_CHSA8926_0_1303912	1303912	CHSA8926
5500994172948120113978_D05	J132_EPD05P9_RPMI-8402_haematopoietic_and_lymphoid_tissue_909702	909702	RPMI-8402
5500994172948120113978_D06	J132_EPD06P9_NCI-H2110_Lung:NSCLC_1298351	1298351	NCI-H2110
5500994172948120113978_D07	J132_EPD07P9_LB2518-MEL_skin_753579	753579	LB2518-MEL
5500994172948120113978_D08	J132_EPD08P9_IOSE-523-_Ovary_1479993	1479993	IOSE-523-
5500994172948120113978_D09	J132_EPD09P9_TYK-nu_ovary_909774	909774	TYK-nu
5500994172948120113978_D10	J132_EPD10P9_SUP-HD1_Blood_1331039	1331039	SUP-HD1
5500994172948120113978_D11	J132_EPD11P9_SK-CO-1_large_intestine_909718	909718	SK-CO-1
5500994172948120113978_E01	J132_EPE01P9_EJM_Blood_1297447	1297447	EJM
5500994172948120113978_E02	J132_EPE02P9_CL-40_Intestine_1240124	1240124	CL-40
5500994172948120113978_E03	J132_EPE03P9_JHOS-4_Ovary_1480359	1480359	JHOS-4
5500994172948120113978_E04	J132_EPE04P9_Caov-4_ovary_949090	949090	Caov-4
5500994172948120113978_E05	J132_EPE05P9_DIFI_Intestine_11223344	11223344	DIFI
5500994172948120113978_E06	J132_EPE06P9_NCI-H1836_Lung_1240182	1240182	NCI-H1836
5500994172948120113978_E07	J132_EPE07P9_huH-1_Liver_1298146	1298146	huH-1
5500994172948120113978_E08	J132_EPE08P9_HCC1143_breast_749710	749710	HCC1143
5500994172948120113978_E09	J132_EPE09P9_MOG-G-CCM_central_nervous_system_908144	908144	MOG-G-CCM
5500994172948120113978_E10	J132_EPE10P9_OV-17R_Ovary_1480361	1480361	OV-17R
5500994172948120113978_E11	J132_EPE11P9_BICR10_Head & Neck_1290724	1290724	BICR10
5500994172948120113978_F01	J132_EPF01P9_NCI-H1435_Lung:NSCLC_1298347	1298347	NCI-H1435
5500994172948120113978_F02	J132_EPF02P9_COR-L311_Lung_687980	687980	COR-L311
5500994172948120113978_F03	J132_EPF03P9_Mo_Blood_1330945	1330945	Mo
5500994172948120113978_F04	J132_EPF04P9_NCI-H1417_lung_688001	688001	NCI-H1417
5500994172948120113978_F05	J132_EPF05P9_COR-L279_lung_910937	910937	COR-L279
5500994172948120113978_F06	J132_EPF06P9_MLMA_haematopoietic_and_lymphoid_tissue_908142	908142	MLMA
5500994172948120113978_F07	J132_EPF07P9_Hep3B2-1-7_Liver_1240147	1240147	Hep3B2-1-7
5500994172948120113978_F08	J132_EPF08P9_LB373-MEL-D_skin_753581	753581	LB373-MEL-D
5500994172948120113978_F09	J132_EPF09P9_MDA-MB-468_breast_908123	908123	MDA-MB-468
5500994172948120113978_F10	J132_EPF10P9_SU-DHL-6_Blood_1331037	1331037	SU-DHL-6
5500994172948120113978_F11	J132_EPF11P9_RERF-LC-KJ_Lung:NSCLC_1298537	1298537	RERF-LC-KJ
5500994172948120113978_G01	J132_EPG01P9_COR-L95_Lung_1297439	1297439	COR-L95
5500994172948120113978_G02	J132_EPG02P9_MHH-CALL-2_haematopoietic_and_lymphoid_tissue_908132	908132	MHH-CALL-2
5500994172948120113978_G03	J132_EPG03P9_COR-L303_Lung_1297438	1297438	COR-L303
5500994172948120113978_G04	J132_EPG04P9_MDA-MB-415_breast_924240	924240	MDA-MB-415
5500994172948120113978_G05	J132_EPG05P9_JHOS-3_Ovary_1480358	1480358	JHOS-3
5500994172948120113978_G06	J132_EPG06P9_NB4_haematopoietic_and_lymphoid_tissue_1323913	1323913	NB4
5500994172948120113978_G07	J132_EPG07P9_IOSE-397_Ovary_1479992	1479992	IOSE-397
5500994172948120113978_G08	J132_EPG08P9_HCE-7_Esophagus_998179	998179	HCE-7
5500994172948120113978_G09	J132_EPG09P9_UE6E7T-3_Blood_1331060	1331060	UE6E7T-3
5500994172948120113978_G10	J132_EPG10P9_OV-7_Ovary_1480360	1480360	OV-7
5500994172948120113978_G11	J132_EPG11P9_BICR31_Head & Neck_1290725	1290725	BICR31
5500994172948120113978_H01	J132_EPH01P9_MDA-MB-330_Breast_1330941	1330941	MDA-MB-330
5500994172948120113978_H02	J132_EPH02P9_MHH-CALL-4_haematopoietic_and_lymphoid_tissue_908133	908133	MHH-CALL-4
5500994172948120113978_H03	J132_EPH03P9_MC-CAR_haematopoietic_and_lymphoid_tissue_683665	683665	MC-CAR
5500994172948120113978_H04	J132_EPH04P9_TGW_autonomic_ganglia_910780	910780	TGW
5500994172948120113978_H05	J132_EPH05P9_NCI-H1436_lung_908469	908469	NCI-H1436
5500994172948120113978_H06	J132_EPH06P9_CADO-ES1_bone_753539	753539	CADO-ES1
5500994172948120113978_H07	J132_EPH07P9_JHOS-2_Ovary_1479995	1479995	JHOS-2
5500994172948120113978_H09	J132_EPH09P9_YT_haematopoietic_and_lymphoid_tissue_946358	946358	YT
5500994172948120113978_H10	J132_EPH10P9_SK-GT-4_Esophagus_1503365	1503365	SK-GT-4
5500994172948120113978_H11	J132_EPH11P9_RWPE2-W99_Prostate_1331028	1331028	RWPE2-W99
5500994173212120213068_A01	J132_EPA01P10_UACC-812_breast_910910	910910	UACC-812
5500994173212120213068_A02	J132_EPA02P10_SNU-61_large_intestine_1660035	1660035	SNU-61
5500994173212120213068_A03	J132_EPA03P10_SIG-M5_Blood_909715	909715	SIG-M5
5500994173212120213068_A04	J132_EPA04P10_ALL-SIL_Blood_1295740	1295740	ALL-SIL
5500994173212120213068_A05	J132_EPA05P10_KMS-12-BM_Blood_907281	907281	KMS-12-BM
5500994173212120213068_A06	J132_EPA06P10_FTC-133_Thyroid_906864	906864	FTC-133
5500994173212120213068_A07	J132_EPA07P10_RCC10RGB_Kidney_909974	909974	RCC10RGB
5500994173212120213068_A08	J132_EPA08P10_OACp4C_Esophagus_1503362	1503362	OACp4C
5500994173212120213068_A09	J132_EPA09P10_MKN45_Stomach_925340	925340	MKN45
5500994173212120213068_B01	J132_EPB01P10_TE-441-T_soft_tissue_924248	924248	TE-441-T
5500994173212120213068_B02	J132_EPB02P10_SNU-175_large_intestine_1659928	1659928	SNU-175
5500994173212120213068_B03	J132_EPB03P10_SF295_Brain_905985	905985	SF295
5500994173212120213068_B04	J132_EPB04P10_AsPC-1_Pancreas_910702	910702	AsPC-1
5500994173212120213068_B05	J132_EPB05P10_KYSE-180_Esophagus_907318	907318	KYSE-180
5500994173212120213068_B06	J132_EPB06P10_CS1_Bone_1290795	1290795	CS1
5500994173212120213068_B07	J132_EPB07P10_Raji_Blood_909262	909262	Raji
5500994173212120213068_B08	J132_EPB08P10_NCI-N87_Stomach_908461	908461	NCI-N87
5500994173212120213068_B09	J132_EPB09P10_MIA-PaCa-2_Pancreas_724870	724870	MIA-PaCa-2
5500994173212120213068_C01	J132_EPC01P10_TC-YIK_Cervix_946357	946357	TC-YIK
5500994173212120213068_C02	J132_EPC02P10_SNU-283_large_intestine_1659929	1659929	SNU-283
5500994173212120213068_C03	J132_EPC03P10_A3-KAW_Blood_910935	910935	A3-KAW
5500994173212120213068_C04	J132_EPC04P10_BONNA-12_Blood_906695	906695	BONNA-12
5500994173212120213068_C05	J132_EPC05P10_KMOE-2_Blood_907280	907280	KMOE-2
5500994173212120213068_C06	J132_EPC06P10_ECC4_gastrointestinal_tract_(site_indeterminate)_906850	906850	ECC4
5500994173212120213068_C07	J132_EPC07P10_PWR-1E_Prostate_1330993	1330993	PWR-1E
5500994173212120213068_C08	J132_EPC08P10_NCI-H748_lung_909194	909194	NCI-H748
5500994173212120213068_C09	J132_EPC09P10_MHH-NB-11_autonomic_ganglia_908135	908135	MHH-NB-11
5500994173212120213068_D01	J132_EPD01P10_SUP-M2_Blood_1331040	1331040	SUP-M2
5500994173212120213068_D02	J132_EPD02P10_SNU-1040_large_intestine_1659823	1659823	SNU-1040
5500994173212120213068_D03	J132_EPD03P10_SCCH-196_Misc_1240211	1240211	SCCH-196
5500994173212120213068_D04	J132_EPD04P10_BxPC-3_Pancreas_906693	906693	BxPC-3
5500994173212120213068_D05	J132_EPD05P10_HuO-3N1_Bone_909977	909977	HuO-3N1
5500994173212120213068_D06	J132_EPD06P10_Calu-3_Lung:NSCLC_687777	687777	Calu-3
5500994173212120213068_D07	J132_EPD07P10_PCI-4B_Head & Neck_1298531	1298531	PCI-4B
5500994173212120213068_D08	J132_EPD08P10_NCI-H2196_lung_908481	908481	NCI-H2196
5500994173212120213068_D09	J132_EPD09P10_A704_Kidney_910920	910920	A704
5500994173212120213068_E01	J132_EPE01P10_SNU-C5_large_intestine_1674021	1674021	SNU-C5
5500994173212120213068_E02	J132_EPE02P10_SK-N-DZ_Brain_688086	688086	SK-N-DZ
5500994173212120213068_E03	J132_EPE03P10_SACC-83_Head & Neck_1299049	1299049	SACC-83
5500994173212120213068_E04	J132_EPE04P10_RCC-FG2_Kidney_1524414	1524414	RCC-FG2
5500994173212120213068_E05	J132_EPE05P10_KASUMI-1_Blood_907275	907275	KASUMI-1
5500994173212120213068_E06	J132_EPE06P10_CHP-126_Brain_910567	910567	CHP-126
5500994173212120213068_E07	J132_EPE07P10_PC-3_Prostate_905934	905934	PC-3
5500994173212120213068_E08	J132_EPE08P10_NCI-H2066_Lung_1330973	1330973	NCI-H2066
5500994173212120213068_E09	J132_EPE09P10_SW156_Kidney_1240220	1240220	SW156
5500994173212120213068_F01	J132_EPF01P10_SU-DHL-5_Blood_1331036	1331036	SU-DHL-5
5500994173212120213068_F02	J132_EPF02P10_SK-N-AS_Brain_724828	724828	SK-N-AS
5500994173212120213068_F03	J132_EPF03P10_8-MG-BA_CNS_687562	687562	8-MG-BA
5500994173212120213068_F04	J132_EPF04P10_MDA-MB-134-VI_breast_908119	908119	MDA-MB-134-VI
5500994173212120213068_F05	J132_EPF05P10_Hs-940-T_Skin_1298145	1298145	Hs-940-T
5500994173212120213068_F06	J132_EPF06P10_CAL-12T_Lung:NSCLC_753540	753540	CAL-12T
5500994173212120213068_F07	J132_EPF07P10_PANC-02-03_Pancreas_1298475	1298475	PANC-02-03
5500994173212120213068_F08	J132_EPF08P10_NCI-H1105_Lung_908468	908468	NCI-H1105
5500994173212120213068_F09	J132_EPF09P10_LoVo_Intestine_907790	907790	LoVo
5500994173212120213068_G01	J132_EPG01P10_SNU-81_large_intestine_1660036	1660036	SNU-81
5500994173212120213068_G02	J132_EPG02P10_SK-MEL-31_Skin_909727	909727	SK-MEL-31
5500994173212120213068_G03	J132_EPG03P10_Sci-1_Blood_1331031	1331031	Sci-1
5500994173212120213068_G04	J132_EPG04P10_ME-1_Blood_1330942	1330942	ME-1
5500994173212120213068_G05	J132_EPG05P10_HSC-39_Stomach_1322224	1322224	HSC-39
5500994173212120213068_G06	J132_EPG06P10_CAL-148_breast_924106	924106	CAL-148
5500994173212120213068_G07	J132_EPG07P10_P31-FUJ_Blood_909253	909253	P31-FUJ
5500994173212120213068_G08	J132_EPG08P10_NCCIT_testis_908441	908441	NCCIT
5500994173212120213068_H01	J132_EPH01P10_SNU-407_large_intestine_1660034	1660034	SNU-407
5500994173212120213068_H02	J132_EPH02P10_SIMA_Brain_753620	753620	SIMA
5500994173212120213068_H03	J132_EPH03P10_AGS_Stomach_906790	906790	AGS
5500994173212120213068_H04	J132_EPH04P10_LC-1F_lung_907785	907785	LC-1F
5500994173212120213068_H05	J132_EPH05P10_EW-12_bone_949162	949162	EW-12
5500994173212120213068_H06	J132_EPH06P10_RCC-ER_Kidney_1524417	1524417	RCC-ER
5500994173212120213068_H07	J132_EPH07P10_OCI-AML5_Blood_1330983	1330983	OCI-AML5
5500994173212120213068_H08	J132_EPH08P10_MM1S_haematopoietic_and_lymphoid_tissue_1659818	1659818	MM1S
5500994173603120813304_A10	J154_EPA08P11_KARPAS-45_haematopoietic_and_lymphoid_tissue_907272	907272	KARPAS-45
5500994173603120813304_A11	J154_EPA09P11_PA-TU-8902_pancreas_1298526	1298526	PA-TU-8902
5500994173603120813304_A12	J154_EPA10P11_ES6_bone_949157	949157	ES6
5500994173603120813304_B10	J154_EPB08P11_GA-10-Clone-4_haematopoietic_and_lymphoid_tissue_906867	906867	GA-10-Clone-4
5500994173603120813304_B11	J154_EPB09P11_HO-1-u-1_upper_aerodigestive_tract_753561	753561	HO-1-u-1
5500994173603120813304_B12	J154_EPB10P11_M00921_Skin_1723793	1723793	M00921
5500994173603120813304_C10	J154_EPC08P11_SNU-C1_large_intestine_910905	910905	SNU-C1
5500994173603120813304_C11	J154_EPC09P11_NB1_autonomic_ganglia_949179	949179	NB1
5500994173603120813304_C12	J154_EPC10P11_SCC90_upper_aerodigestive_tract_1299052	1299052	SCC90
5500994173603120813304_D10	J154_EPD08P11_KG-1_haematopoietic_and_lymphoid_tissue_907278	907278	KG-1
5500994173603120813304_D11	J154_EPD09P11_K-562_haematopoietic_and_lymphoid_tissue_905940	905940	K-562
5500994173603120813304_D12	J154_EPD10P11_NCI-H292_lung_753604	753604	NCI-H292
5500994173603120813304_E10	J154_EPE08P11_PANC-04-03_pancreas_1298476	1298476	PANC-04-03
5500994173603120813304_E11	J154_EPE09P11_LNCaP-Clone-FGC_prostate_907788	907788	LNCaP-Clone-FGC
5500994173603120813304_E12	J154_EPE10P11_C-4-I_cervix_687506	687506	C-4-I
5500994173603120813304_F10	J154_EPF08P11_ESS-1_endometrium_907000	907000	ESS-1
5500994173603120813304_F11	J154_EPF09P11_TC-71_bone_1240221	1240221	TC-71
5500994173603120813304_F12	J154_EPF10P11_KP-2_pancreas_1298218	1298218	KP-2
5500994173603120813304_G10	J154_EPG08P11_HCC1395_0_749712	749712	HCC1395
5500994173603120813304_G11	J154_EPG09P11_M980513_Skin_1723794	1723794	M980513
5500994173603120813304_G12	J154_EPG10P11_JHU-029_upper_aerodigestive_tract_1298156	1298156	JHU-029
5500994173603120813304_H10	J154_EPH08P11_HSC-2_upper_aerodigestive_tract_753562	753562	HSC-2
5500994173603120813304_H11	J154_EPH09P11_STS-0421_soft_tissue_1299061	1299061	STS-0421
5500994173603120813304_H12	J154_EPH10P11_LB996-RCC_kidney_753585	753585	LB996-RCC
5500994175999120813240_A01	J154_EPA01P11_SNG-M_endometrium_909735	909735	SNG-M
5500994175999120813240_A02	J154_EPA02P11_NB6_autonomic_ganglia_949173	949173	NB6
5500994175999120813240_A03	J154_EPA03P11_Ishikawa_Heraklio_02ER-_Uterus_1240156	1240156	Ishikawa
5500994175999120813240_A04	J154_EPA04P11_JVM-2_haematopoietic_and_lymphoid_tissue_907269	907269	JVM-2
5500994175999120813240_A05	J154_EPA05P11_TK_haematopoietic_and_lymphoid_tissue_1331045	1331045	TK
5500994175999120813240_A06	J154_EPA06P11_DBTRG-05MG_central_nervous_system_906835	906835	DBTRG-05MG
5500994175999120813240_A07	J154_EPA07P11_KP-N-YN_autonomic_ganglia_907314	907314	KP-N-YN
5500994175999120813240_A08	J154_EPA01P12_NCI-H1770_lung_687804	687804	NCI-H1770
5500994175999120813240_A09	J154_EPA02P12_RCC-JF_kidney_1524415	1524415	RCC-JF
5500994175999120813240_A10	J154_EPA03P12_NCI-H446_lung_688023	688023	NCI-H446
5500994175999120813240_A11	J154_EPA04P12_TK10_kidney_905980	905980	TK10
5500994175999120813240_B01	J154_EPB01P11_L-428_haematopoietic_and_lymphoid_tissue_907322	907322	L-428
5500994175999120813240_B02	J154_EPB02P11_Daudi_haematopoietic_and_lymphoid_tissue_906831	906831	Daudi
5500994175999120813240_B03	J154_EPB03P11_CW-2_large_intestine_910554	910554	CW-2
5500994175999120813240_B04	J154_EPB04P11_GDM-1_haematopoietic_and_lymphoid_tissue_906870	906870	GDM-1
5500994175999120813240_B05	J154_EPB05P11_KYSE-220_Esophagus_1240167	1240167	KYSE-220
5500994175999120813240_B06	J154_EPB06P11_MDA-MB-436_breast_1240172	1240172	MDA-MB-436
5500994175999120813240_B07	J154_EPB07P11_MOLM-16_haematopoietic_and_lymphoid_tissue_1330948	1330948	MOLM-16
5500994175999120813240_B08	J154_EPB01P12_OCI-AML3_haematopoietic_and_lymphoid_tissue_1290455	1290455	OCI-AML3
5500994175999120813240_B09	J154_EPB02P12_HCC38_breast_749717	749717	HCC38
5500994175999120813240_B10	J154_EPB03P12_RL95-2_endometrium_930082	930082	RL95-2
5500994175999120813240_B11	J154_EPB04P12_NCI-H2087_lung_724834	724834	NCI-H2087
5500994175999120813240_C01	J154_EPC01P11_D-423MG_central_nervous_system_946372	946372	D-423MG
5500994175999120813240_C02	J154_EPC02P11_8505C_thyroid_924102	924102	8505C
5500994175999120813240_C03	J154_EPC03P11_JM1_haematopoietic_and_lymphoid_tissue_1327768	1327768	JM1
5500994175999120813240_C04	J154_EPC04P11_CML-T1_haematopoietic_and_lymphoid_tissue_910951	910951	CML-T1
5500994175999120813240_C05	J154_EPC05P11_M059J_central_nervous_system_949094	949094	M059J
5500994175999120813240_C06	J154_EPC06P11_CHSA0108_bone_1290768	1290768	CHSA0108
5500994175999120813240_C07	J154_EPC07P11_CL-34_large_intestine_1290771	1290771	CL-34
5500994175999120813240_C08	J154_EPC01P12_CAL-62_thyroid_906828	906828	CAL-62
5500994175999120813240_C09	J154_EPC02P12_SW626_ovary_909753	909753	SW626
5500994175999120813240_C10	J154_EPC03P12_TASK1_other_1299067	1299067	TASK1
5500994175999120813240_C11	J154_EPC04P12_DMS-273_lung_687985	687985	DMS-273
5500994175999120813240_D01	J154_EPD01P11_HCC1599_breast_749713	749713	HCC1599
5500994175999120813240_D02	J154_EPD02P11_Hey_ovary_1479988	1479988	Hey
5500994175999120813240_D03	J154_EPD03P11_MSTO-211H_pleura_908152	908152	MSTO-211H
5500994175999120813240_D04	J154_EPD04P11_RCH-ACV_haematopoietic_and_lymphoid_tissue_1330994	1330994	RCH-ACV
5500994175999120813240_D05	J154_EPD05P11_SU-DHL-16_haematopoietic_and_lymphoid_tissue_1331034	1331034	SU-DHL-16
5500994175999120813240_D06	J154_EPD06P11_GRANTA-519_haematopoietic_and_lymphoid_tissue_1303897	1303897	GRANTA-519
5500994175999120813240_D07	J154_EPD07P11_K2_skin_1298160	1298160	K2
5500994175999120813240_D08	J154_EPD01P12_TE-4_Esophagus_1503371	1503371	TE-4
5500994175999120813240_D09	J154_EPD02P12_TGBC1TKB_biliary_tract_909769	909769	TGBC1TKB
5500994175999120813240_D10	J154_EPD03P12_NOS-1_bone_925345	925345	NOS-1
5500994175999120813240_D11	J154_EPD04P12_SJSA-1_bone_909717	909717	SJSA-1
5500994175999120813240_E01	J154_EPE01P11_MN-60_haematopoietic_and_lymphoid_tissue_908143	908143	MN-60
5500994175999120813240_E02	J154_EPE02P11_KM12_large_intestine_905989	905989	KM12
5500994175999120813240_E03	J154_EPE03P11_NCC010_Kidney_1509073	1509073	NCC010
5500994175999120813240_E04	J154_EPE04P11_22RV1_prostate_924100	924100	22RV1
5500994175999120813240_E05	J154_EPE05P11_KARPAS-1106P_haematopoietic_and_lymphoid_tissue_1327773	1327773	KARPAS-1106P
5500994175999120813240_E06	J154_EPE06P11_LB771-HNC_upper_aerodigestive_tract_753583	753583	LB771-HNC
5500994175999120813240_E07	J154_EPE07P11_CP50-MEL-B_skin_753545	753545	CP50-MEL-B
5500994175999120813240_E08	J154_EPE01P12_DOV13_ovary_1479987	1479987	DOV13
5500994175999120813240_E09	J154_EPE02P12_NCI-H720_lung_687600	687600	NCI-H720
5500994175999120813240_E10	J154_EPE03P12_VMRC-RCZ_kidney_909781	909781	VMRC-RCZ
5500994175999120813240_E11	J154_EPE04P12_NCI-H345_lung_688021	688021	NCI-H345
5500994175999120813240_F01	J154_EPF01P11_LB1047-RCC_kidney_753577	753577	LB1047-RCC
5500994175999120813240_F02	J154_EPF02P11_KU-19-19_urinary_tract_907312	907312	KU-19-19
5500994175999120813240_F03	J154_EPF03P11_ACN_autonomic_ganglia_906803	906803	ACN
5500994175999120813240_F04	J154_EPF04P11_OV-56_ovary_1480362	1480362	OV-56
5500994175999120813240_F05	J154_EPF05P11_OVTOKO_ovary_1298365	1298365	OVTOKO
5500994175999120813240_F06	J154_EPF06P11_FLO-1_Esophagus_1503361	1503361	FLO-1
5500994175999120813240_F07	J154_EPF07P11_KMS-11_pleural effusion_1659817	1659817	KMS-11
5500994175999120813240_F08	J154_EPF01P12_Hs-445_haematopoietic_and_lymphoid_tissue_1322218	1322218	Hs-445
5500994175999120813240_F09	J154_EPF02P12_NCI-H1876_lung_1330972	1330972	NCI-H1876
5500994175999120813240_F10	J154_EPF03P12_U-2-OS_bone_909776	909776	U-2-OS
5500994175999120813240_F11	J154_EPF04P12_NCI-H2122_lung_722046	722046	NCI-H2122
5500994175999120813240_G01	J154_EPG01P11_OCI-LY7_haematopoietic_and_lymphoid_tissue_1659819	1659819	OCI-LY7
5500994175999120813240_G02	J154_EPG02P11_COLO-829_skin_687448	687448	COLO-829
5500994175999120813240_G03	J154_EPG03P11_MFE-296_endometrium_908130	908130	MFE-296
5500994175999120813240_G04	J154_EPG04P11_D-566MG_central_nervous_system_946377	946377	D-566MG
5500994175999120813240_G05	J154_EPG05P11_JHU-028_upper_aerodigestive_tract_1298154	1298154	JHU-028
5500994175999120813240_G06	J154_EPG06P11_K5_thyroid_924238	924238	K5
5500994175999120813240_G07	J154_EPG07P11_LC-1-sq_lung_1298223	1298223	LC-1-sq
5500994175999120813240_G08	J154_EPG01P12_NCI-H226_pleura_905941	905941	NCI-H226
5500994175999120813240_G09	J154_EPG02P12_SU8686_pancreas_1240218	1240218	SU8686
5500994175999120813240_G10	J154_EPG03P12_SW1271_lung_1299062	1299062	SW1271
5500994175999120813240_G11	J154_EPG04P12_KM-H2_haematopoietic_and_lymphoid_tissue_909976	909976	KM-H2
5500994175999120813240_H01	J154_EPH01P11_NCI-H716_large_intestine_908458	908458	NCI-H716
5500994175999120813240_H02	J154_EPH02P11_LB831-BLC_urinary_tract_753584	753584	LB831-BLC
5500994175999120813240_H03	J154_EPH03P11_HC-1_haematopoietic_and_lymphoid_tissue_907044	907044	HC-1
5500994175999120813240_H04	J154_EPH04P11_JURKAT_haematopoietic_and_lymphoid_tissue_998184	998184	JURKAT
5500994175999120813240_H05	J154_EPH05P11_MOG-G-UVW_central_nervous_system_908145	908145	MOG-G-UVW
5500994175999120813240_H06	J154_EPH06P11_MET-2B_Skin_1659787	1659787	MET-2B
5500994175999120813240_H07	J154_EPH07P11_JIMT-1_breast_1298157	1298157	JIMT-1
5500994175999120813240_H08	J154_EPH01P12_PEO1_ovary_1480372	1480372	PEO1
5500994175999120813240_H09	J154_EPH02P12_PL4_pancreas_1298533	1298533	PL4
5500994175999120813240_H10	J154_EPH03P12_TT_thyroid_930299	930299	TT
5500994175999120813240_H11	J154_EPH04P12_SK-MEL-28_skin_905954	905954	SK-MEL-28
